date_observation,heure_observation,region,temperature,humidite,precipitation,vent,risque_pluie
2024-01-01,0,Île-de-France,7.4,77,0.0,26.7,0
2024-01-01,1,Île-de-France,7.3,76,0.0,25.6,0
2024-01-01,2,Île-de-France,7.1,75,0.0,25.9,0
2024-01-01,3,Île-de-France,7.1,71,0.0,24.6,0
2024-01-01,4,Île-de-France,7.1,71,0.0,25.0,0
2024-01-01,5,Île-de-France,6.9,72,0.0,24.5,0
2024-01-01,6,Île-de-France,6.6,74,0.0,23.5,0
2024-01-01,7,Île-de-France,6.5,75,0.0,22.9,0
2024-01-01,8,Île-de-France,6.2,77,0.0,21.7,0
2024-01-01,9,Île-de-France,6.1,79,0.0,19.5,0
2024-01-01,10,Île-de-France,5.8,82,0.0,18.1,1
2024-01-01,11,Île-de-France,6.5,81,0.0,18.3,1
2024-01-01,12,Île-de-France,7.5,80,0.0,15.6,0
2024-01-01,13,Île-de-France,8.5,77,0.0,18.9,0
2024-01-01,14,Île-de-France,9.2,76,0.0,19.0,0
2024-01-01,15,Île-de-France,9.5,76,0.0,18.8,0
2024-01-01,16,Île-de-France,9.8,72,0.0,19.4,0
2024-01-01,17,Île-de-France,9.6,74,0.0,17.1,0
2024-01-01,18,Île-de-France,8.5,78,0.0,15.2,0
2024-01-01,19,Île-de-France,8.2,80,0.0,17.7,0
2024-01-01,20,Île-de-France,8.5,80,0.0,20.9,0
2024-01-01,21,Île-de-France,8.6,82,0.1,23.9,1
2024-01-01,22,Île-de-France,8.5,89,0.8,25.1,1
2024-01-01,23,Île-de-France,8.7,90,1.2,29.9,1
2024-01-02,0,Île-de-France,9.4,90,0.8,34.1,1
2024-01-02,1,Île-de-France,9.8,90,0.7,33.5,1
2024-01-02,2,Île-de-France,10.3,89,0.7,32.9,1
2024-01-02,3,Île-de-France,11.0,88,1.4,34.8,1
2024-01-02,4,Île-de-France,11.0,88,0.7,34.1,1
2024-01-02,5,Île-de-France,11.1,88,0.6,35.9,1
2024-01-02,6,Île-de-France,11.0,88,0.5,37.3,1
2024-01-02,7,Île-de-France,10.9,89,0.4,34.0,1
2024-01-02,8,Île-de-France,11.0,87,0.2,35.3,1
2024-01-02,9,Île-de-France,11.0,87,0.2,33.6,1
2024-01-02,10,Île-de-France,11.0,90,0.5,32.9,1
2024-01-02,11,Île-de-France,11.5,89,0.8,36.7,1
2024-01-02,12,Île-de-France,11.3,91,1.1,33.2,1
2024-01-02,13,Île-de-France,11.6,91,1.5,29.8,1
2024-01-02,14,Île-de-France,12.0,90,1.0,35.0,1
2024-01-02,15,Île-de-France,11.1,88,0.3,36.3,1
2024-01-02,16,Île-de-France,11.4,89,1.2,38.4,1
2024-01-02,17,Île-de-France,11.5,89,0.4,38.8,1
2024-01-02,18,Île-de-France,11.6,86,0.5,39.0,1
2024-01-02,19,Île-de-France,11.6,87,0.1,31.1,1
2024-01-02,20,Île-de-France,11.4,88,0.0,28.5,1
2024-01-02,21,Île-de-France,11.1,87,0.0,25.2,1
2024-01-02,22,Île-de-France,10.7,87,0.0,28.2,1
2024-01-02,23,Île-de-France,10.2,87,0.0,27.3,1
2024-01-03,0,Île-de-France,9.9,88,0.0,25.8,1
2024-01-03,1,Île-de-France,9.7,89,0.0,25.1,1
2024-01-03,2,Île-de-France,9.7,88,0.0,26.4,1
2024-01-03,3,Île-de-France,9.6,85,0.0,25.9,1
2024-01-03,4,Île-de-France,9.4,85,0.0,24.7,1
2024-01-03,5,Île-de-France,9.4,87,0.0,25.5,1
2024-01-03,6,Île-de-France,9.9,85,0.1,28.0,1
2024-01-03,7,Île-de-France,10.1,84,0.0,27.2,1
2024-01-03,8,Île-de-France,9.7,86,0.0,24.6,1
2024-01-03,9,Île-de-France,9.5,86,0.0,24.8,1
2024-01-03,10,Île-de-France,9.5,86,0.0,25.5,1
2024-01-03,11,Île-de-France,10.2,84,0.0,26.0,1
2024-01-03,12,Île-de-France,11.3,78,0.0,32.6,0
2024-01-03,13,Île-de-France,11.8,75,0.2,30.5,0
2024-01-03,14,Île-de-France,12.0,75,0.1,30.7,0
2024-01-03,15,Île-de-France,10.7,84,1.5,31.3,1
2024-01-03,16,Île-de-France,10.3,84,0.8,25.7,1
2024-01-03,17,Île-de-France,10.1,85,0.0,28.8,1
2024-01-03,18,Île-de-France,9.5,84,0.0,26.6,1
2024-01-03,19,Île-de-France,9.2,81,0.0,27.1,1
2024-01-03,20,Île-de-France,9.1,81,0.0,27.4,1
2024-01-03,21,Île-de-France,8.8,82,0.0,25.3,1
2024-01-03,22,Île-de-France,8.9,81,0.0,26.1,1
2024-01-03,23,Île-de-France,8.9,80,0.0,26.9,0
2024-01-04,0,Île-de-France,8.5,81,0.0,24.5,1
2024-01-04,1,Île-de-France,8.7,80,0.0,26.2,0
2024-01-04,2,Île-de-France,8.8,80,0.0,26.0,0
2024-01-04,3,Île-de-France,8.5,78,0.0,24.8,0
2024-01-04,4,Île-de-France,8.2,80,0.0,24.1,0
2024-01-04,5,Île-de-France,7.9,80,0.0,21.6,0
2024-01-04,6,Île-de-France,7.5,82,0.0,20.3,1
2024-01-04,7,Île-de-France,7.2,84,0.0,19.8,1
2024-01-04,8,Île-de-France,7.1,85,0.0,18.4,1
2024-01-04,9,Île-de-France,7.1,84,0.0,16.5,1
2024-01-04,10,Île-de-France,6.5,88,0.0,14.3,1
2024-01-04,11,Île-de-France,7.3,86,0.0,15.1,1
2024-01-04,12,Île-de-France,8.6,83,0.0,16.3,1
2024-01-04,13,Île-de-France,10.1,79,0.0,21.7,0
2024-01-04,14,Île-de-France,10.6,77,0.0,22.4,0
2024-01-04,15,Île-de-France,10.0,85,0.1,18.9,1
2024-01-04,16,Île-de-France,10.1,86,0.0,17.4,1
2024-01-04,17,Île-de-France,10.2,84,0.0,19.7,1
2024-01-04,18,Île-de-France,9.9,84,0.0,21.2,1
2024-01-04,19,Île-de-France,10.1,84,0.0,23.8,1
2024-01-04,20,Île-de-France,10.0,85,1.6,26.8,1
2024-01-04,21,Île-de-France,10.1,83,0.0,27.5,1
2024-01-04,22,Île-de-France,10.4,80,0.0,28.2,0
2024-01-04,23,Île-de-France,10.4,79,0.0,25.2,0
2024-01-05,0,Île-de-France,10.1,81,0.0,23.4,1
2024-01-05,1,Île-de-France,9.1,85,0.0,22.2,1
2024-01-05,2,Île-de-France,8.7,85,0.0,23.9,1
2024-01-05,3,Île-de-France,9.0,80,0.0,23.5,0
2024-01-05,4,Île-de-France,7.8,81,0.0,21.5,1
2024-01-05,5,Île-de-France,7.3,81,0.0,19.6,1
2024-01-05,6,Île-de-France,6.6,82,0.0,16.3,1
2024-01-05,7,Île-de-France,5.9,87,0.0,16.0,1
2024-01-05,8,Île-de-France,5.3,91,0.0,14.6,1
2024-01-05,9,Île-de-France,4.9,92,0.0,14.3,1
2024-01-05,10,Île-de-France,4.6,93,0.0,13.3,1
2024-01-05,11,Île-de-France,5.6,89,0.0,15.0,1
2024-01-05,12,Île-de-France,7.1,82,0.0,16.3,1
2024-01-05,13,Île-de-France,8.0,80,0.0,15.6,0
2024-01-05,14,Île-de-France,8.9,73,0.0,20.2,0
2024-01-05,15,Île-de-France,9.1,72,0.0,15.8,0
2024-01-05,16,Île-de-France,9.1,69,0.0,16.0,0
2024-01-05,17,Île-de-France,8.4,73,0.0,12.3,0
2024-01-05,18,Île-de-France,7.0,80,0.0,10.1,0
2024-01-05,19,Île-de-France,6.1,86,0.0,10.0,1
2024-01-05,20,Île-de-France,5.4,89,0.0,10.5,1
2024-01-05,21,Île-de-France,4.9,90,0.0,9.4,1
2024-01-05,22,Île-de-France,4.1,93,0.0,8.0,1
2024-01-05,23,Île-de-France,3.6,95,0.0,7.9,1
2024-01-06,0,Île-de-France,3.4,95,0.0,8.3,1
2024-01-06,1,Île-de-France,3.1,96,0.0,8.3,1
2024-01-06,2,Île-de-France,2.8,97,0.0,8.7,1
2024-01-06,3,Île-de-France,3.5,95,0.0,7.4,1
2024-01-06,4,Île-de-France,2.8,96,0.0,7.2,1
2024-01-06,5,Île-de-France,2.7,96,0.0,7.2,1
2024-01-06,6,Île-de-France,3.1,95,0.0,7.1,1
2024-01-06,7,Île-de-France,3.6,95,0.0,6.8,1
2024-01-06,8,Île-de-France,3.8,95,0.0,6.8,1
2024-01-06,9,Île-de-France,3.1,96,0.0,7.6,1
2024-01-06,10,Île-de-France,3.2,95,0.0,9.2,1
2024-01-06,11,Île-de-France,4.4,91,0.0,11.0,1
2024-01-06,12,Île-de-France,5.9,83,0.0,14.3,1
2024-01-06,13,Île-de-France,6.7,77,0.0,14.5,0
2024-01-06,14,Île-de-France,7.2,73,0.0,19.6,0
2024-01-06,15,Île-de-France,7.6,69,0.0,22.4,0
2024-01-06,16,Île-de-France,7.2,72,0.0,21.6,0
2024-01-06,17,Île-de-France,6.5,77,0.1,18.0,0
2024-01-06,18,Île-de-France,6.0,80,0.0,16.4,0
2024-01-06,19,Île-de-France,5.9,80,0.0,18.0,0
2024-01-06,20,Île-de-France,5.6,82,0.2,17.4,1
2024-01-06,21,Île-de-France,5.2,85,0.5,16.3,1
2024-01-06,22,Île-de-France,5.2,87,0.3,15.8,1
2024-01-06,23,Île-de-France,4.9,89,0.5,15.8,1
2024-01-07,0,Île-de-France,4.8,88,0.0,14.8,1
2024-01-07,1,Île-de-France,4.2,88,0.0,13.0,1
2024-01-07,2,Île-de-France,3.3,91,0.0,11.8,1
2024-01-07,3,Île-de-France,3.1,91,0.0,13.5,1
2024-01-07,4,Île-de-France,2.8,91,0.0,13.5,1
2024-01-07,5,Île-de-France,2.7,90,0.0,12.4,1
2024-01-07,6,Île-de-France,3.3,85,0.0,13.8,1
2024-01-07,7,Île-de-France,2.9,85,0.0,13.3,1
2024-01-07,8,Île-de-France,1.6,90,0.0,11.3,1
2024-01-07,9,Île-de-France,2.5,87,0.0,12.6,1
2024-01-07,10,Île-de-France,3.3,85,0.0,14.8,1
2024-01-07,11,Île-de-France,3.9,83,0.0,16.3,1
2024-01-07,12,Île-de-France,4.2,79,0.0,20.9,0
2024-01-07,13,Île-de-France,3.8,78,0.0,18.4,0
2024-01-07,14,Île-de-France,3.7,76,0.0,17.7,0
2024-01-07,15,Île-de-France,3.2,79,0.0,17.9,0
2024-01-07,16,Île-de-France,3.2,79,0.0,16.7,0
2024-01-07,17,Île-de-France,3.2,79,0.0,17.9,0
2024-01-07,18,Île-de-France,2.9,80,0.0,17.2,0
2024-01-07,19,Île-de-France,2.7,81,0.0,16.4,1
2024-01-07,20,Île-de-France,2.5,81,0.0,16.5,1
2024-01-07,21,Île-de-France,2.2,81,0.0,18.7,1
2024-01-07,22,Île-de-France,1.8,79,0.0,19.9,0
2024-01-07,23,Île-de-France,1.3,79,0.0,20.6,0
2024-01-08,0,Île-de-France,0.7,74,0.0,21.9,0
2024-01-08,1,Île-de-France,-0.3,69,0.0,21.3,0
2024-01-08,2,Île-de-France,-1.2,66,0.0,21.7,0
2024-01-08,3,Île-de-France,-0.8,67,0.0,21.5,0
2024-01-08,4,Île-de-France,-1.3,68,0.0,18.4,0
2024-01-08,5,Île-de-France,-2.5,74,0.0,17.1,0
2024-01-08,6,Île-de-France,-3.1,74,0.0,16.9,0
2024-01-08,7,Île-de-France,-3.6,78,0.0,17.1,0
2024-01-08,8,Île-de-France,-4.0,83,0.0,16.7,1
2024-01-08,9,Île-de-France,-3.9,82,0.0,17.9,1
2024-01-08,10,Île-de-France,-3.6,76,0.0,20.4,0
2024-01-08,11,Île-de-France,-3.3,72,0.0,20.8,0
2024-01-08,12,Île-de-France,-2.5,69,0.0,19.8,0
2024-01-08,13,Île-de-France,-1.7,66,0.0,19.6,0
2024-01-08,14,Île-de-France,-0.9,61,0.0,20.4,0
2024-01-08,15,Île-de-France,-0.5,64,0.0,19.4,0
2024-01-08,16,Île-de-France,-0.7,64,0.0,19.3,0
2024-01-08,17,Île-de-France,-1.0,66,0.0,18.6,0
2024-01-08,18,Île-de-France,-1.2,66,0.0,17.6,0
2024-01-08,19,Île-de-France,-1.2,66,0.0,16.1,0
2024-01-08,20,Île-de-France,-1.2,66,0.0,15.8,0
2024-01-08,21,Île-de-France,-1.3,66,0.0,13.5,0
2024-01-08,22,Île-de-France,-1.5,67,0.1,13.0,0
2024-01-08,23,Île-de-France,-1.7,71,0.2,13.0,0
2024-01-09,0,Île-de-France,-1.8,74,0.3,11.7,1
2024-01-09,1,Île-de-France,-1.9,75,0.2,10.9,0
2024-01-09,2,Île-de-France,-1.8,72,0.1,10.1,0
2024-01-09,3,Île-de-France,-1.7,69,0.1,12.3,0
2024-01-09,4,Île-de-France,-1.7,66,0.1,13.8,0
2024-01-09,5,Île-de-France,-1.7,67,0.0,11.7,0
2024-01-09,6,Île-de-France,-1.8,64,0.0,13.8,0
2024-01-09,7,Île-de-France,-2.1,66,0.0,13.4,0
2024-01-09,8,Île-de-France,-2.5,69,0.2,12.1,0
2024-01-09,9,Île-de-France,-2.3,65,0.0,12.3,0
2024-01-09,10,Île-de-France,-2.3,63,0.0,14.4,0
2024-01-09,11,Île-de-France,-2.3,58,0.0,16.5,0
2024-01-09,12,Île-de-France,-2.4,57,0.0,16.8,0
2024-01-09,13,Île-de-France,-1.8,57,0.0,15.6,0
2024-01-09,14,Île-de-France,-1.4,56,0.0,14.0,0
2024-01-09,15,Île-de-France,-1.6,64,0.0,15.1,0
2024-01-09,16,Île-de-France,-1.5,62,0.0,15.5,0
2024-01-09,17,Île-de-France,-1.5,61,0.0,14.9,0
2024-01-09,18,Île-de-France,-1.7,60,0.0,13.8,0
2024-01-09,19,Île-de-France,-2.0,63,0.0,11.5,0
2024-01-09,20,Île-de-France,-2.0,65,0.0,10.5,0
2024-01-09,21,Île-de-France,-2.4,68,0.0,8.0,0
2024-01-09,22,Île-de-France,-2.4,70,0.0,8.3,0
2024-01-09,23,Île-de-France,-2.4,70,0.0,9.3,0
2024-01-10,0,Île-de-France,-3.5,76,0.0,8.1,0
2024-01-10,1,Île-de-France,-3.9,78,0.0,7.7,0
2024-01-10,2,Île-de-France,-4.0,79,0.0,7.3,0
2024-01-10,3,Île-de-France,-3.5,81,0.0,5.9,1
2024-01-10,4,Île-de-France,-3.8,82,0.0,6.4,1
2024-01-10,5,Île-de-France,-3.9,81,0.0,7.1,1
2024-01-10,6,Île-de-France,-3.9,80,0.0,5.9,0
2024-01-10,7,Île-de-France,-3.4,78,0.0,5.9,0
2024-01-10,8,Île-de-France,-3.0,76,0.0,6.5,0
2024-01-10,9,Île-de-France,-3.5,73,0.0,7.6,0
2024-01-10,10,Île-de-France,-3.1,64,0.0,7.8,0
2024-01-10,11,Île-de-France,-2.1,57,0.0,9.1,0
2024-01-10,12,Île-de-France,-1.3,57,0.0,11.5,0
2024-01-10,13,Île-de-France,-0.6,56,0.0,11.2,0
2024-01-10,14,Île-de-France,0.1,56,0.0,11.0,0
2024-01-10,15,Île-de-France,0.1,69,0.0,7.6,0
2024-01-10,16,Île-de-France,0.5,69,0.0,9.7,0
2024-01-10,17,Île-de-France,0.4,69,0.0,10.0,0
2024-01-10,18,Île-de-France,0.2,70,0.0,8.6,0
2024-01-10,19,Île-de-France,-1.2,78,0.0,5.9,0
2024-01-10,20,Île-de-France,-2.5,82,0.0,7.4,1
2024-01-10,21,Île-de-France,-3.2,82,0.0,9.2,1
2024-01-10,22,Île-de-France,-2.5,76,0.0,10.2,0
2024-01-10,23,Île-de-France,-2.3,76,0.0,9.2,0
2024-01-11,0,Île-de-France,-2.4,77,0.0,10.2,0
2024-01-11,1,Île-de-France,-2.5,77,0.0,8.7,0
2024-01-11,2,Île-de-France,-2.7,78,0.0,9.5,0
2024-01-11,3,Île-de-France,-2.4,79,0.0,9.2,0
2024-01-11,4,Île-de-France,-2.4,76,0.0,10.0,0
2024-01-11,5,Île-de-France,-2.6,76,0.0,9.4,0
2024-01-11,6,Île-de-France,-3.0,77,0.0,8.3,0
2024-01-11,7,Île-de-France,-2.9,76,0.0,10.0,0
2024-01-11,8,Île-de-France,-3.0,78,0.0,8.8,0
2024-01-11,9,Île-de-France,-3.0,81,0.0,9.3,1
2024-01-11,10,Île-de-France,-3.1,84,0.0,9.1,1
2024-01-11,11,Île-de-France,-1.6,76,0.0,11.5,0
2024-01-11,12,Île-de-France,-0.4,63,0.0,13.0,0
2024-01-11,13,Île-de-France,0.7,54,0.0,13.3,0
2024-01-11,14,Île-de-France,1.6,49,0.0,14.9,0
2024-01-11,15,Île-de-France,1.4,65,0.0,15.5,0
2024-01-11,16,Île-de-France,1.8,64,0.0,15.0,0
2024-01-11,17,Île-de-France,1.6,66,0.0,14.1,0
2024-01-11,18,Île-de-France,0.2,69,0.0,12.7,0
2024-01-11,19,Île-de-France,-0.9,70,0.0,13.6,0
2024-01-11,20,Île-de-France,-1.6,68,0.0,13.4,0
2024-01-11,21,Île-de-France,-2.0,69,0.0,13.0,0
2024-01-11,22,Île-de-France,-2.2,69,0.0,14.4,0
2024-01-11,23,Île-de-France,-2.4,68,0.0,12.2,0
2024-01-12,0,Île-de-France,-2.6,71,0.0,11.8,0
2024-01-12,1,Île-de-France,-2.2,85,0.0,10.5,1
2024-01-12,2,Île-de-France,-1.2,92,0.0,10.9,1
2024-01-12,3,Île-de-France,0.5,96,0.0,14.0,1
2024-01-12,4,Île-de-France,1.1,96,0.0,12.6,1
2024-01-12,5,Île-de-France,1.5,93,0.0,12.5,1
2024-01-12,6,Île-de-France,1.5,93,0.0,11.9,1
2024-01-12,7,Île-de-France,1.6,92,0.0,11.1,1
2024-01-12,8,Île-de-France,1.7,92,0.0,9.7,1
2024-01-12,9,Île-de-France,1.8,92,0.0,10.6,1
2024-01-12,10,Île-de-France,2.0,89,0.0,12.1,1
2024-01-12,11,Île-de-France,2.4,81,0.0,14.0,1
2024-01-12,12,Île-de-France,2.6,76,0.0,15.0,0
2024-01-12,13,Île-de-France,3.0,74,0.0,14.3,0
2024-01-12,14,Île-de-France,3.2,73,0.0,12.7,0
2024-01-12,15,Île-de-France,3.2,74,0.0,12.4,0
2024-01-12,16,Île-de-France,3.3,73,0.0,12.2,0
2024-01-12,17,Île-de-France,3.0,74,0.0,11.9,0
2024-01-12,18,Île-de-France,2.4,77,0.0,11.0,0
2024-01-12,19,Île-de-France,1.9,80,0.0,9.2,0
2024-01-12,20,Île-de-France,1.7,80,0.0,8.7,0
2024-01-12,21,Île-de-France,1.5,82,0.0,9.0,1
2024-01-12,22,Île-de-France,1.2,84,0.0,10.5,1
2024-01-12,23,Île-de-France,1.0,86,0.0,10.0,1
2024-01-13,0,Île-de-France,0.5,87,0.0,8.7,1
2024-01-13,1,Île-de-France,0.3,86,0.0,10.5,1
2024-01-13,2,Île-de-France,-0.1,85,0.0,9.5,1
2024-01-13,3,Île-de-France,-0.1,89,0.0,6.7,1
2024-01-13,4,Île-de-France,-0.4,90,0.0,5.8,1
2024-01-13,5,Île-de-France,-0.6,90,0.0,4.8,1
2024-01-13,6,Île-de-France,-0.9,90,0.0,4.7,1
2024-01-13,7,Île-de-France,-1.1,90,0.0,4.2,1
2024-01-13,8,Île-de-France,-1.2,91,0.0,4.0,1
2024-01-13,9,Île-de-France,-1.4,91,0.0,3.3,1
2024-01-13,10,Île-de-France,-1.5,92,0.0,3.5,1
2024-01-13,11,Île-de-France,-1.3,91,0.0,3.9,1
2024-01-13,12,Île-de-France,-1.1,90,0.0,4.8,1
2024-01-13,13,Île-de-France,-0.9,88,0.0,3.6,1
2024-01-13,14,Île-de-France,-0.5,86,0.0,3.4,1
2024-01-13,15,Île-de-France,-0.7,85,0.0,4.1,1
2024-01-13,16,Île-de-France,-0.6,84,0.0,4.0,1
2024-01-13,17,Île-de-France,-0.4,84,0.0,5.1,1
2024-01-13,18,Île-de-France,-0.5,83,0.0,3.8,1
2024-01-13,19,Île-de-France,-0.7,83,0.0,2.1,1
2024-01-13,20,Île-de-France,-0.9,84,0.0,3.4,1
2024-01-13,21,Île-de-France,-1.5,90,0.0,3.8,1
2024-01-13,22,Île-de-France,-1.7,91,0.0,6.1,1
2024-01-13,23,Île-de-France,-1.8,90,0.0,4.0,1
2024-01-14,0,Île-de-France,-1.7,88,0.0,2.3,1
2024-01-14,1,Île-de-France,-1.8,86,0.0,3.8,1
2024-01-14,2,Île-de-France,-2.1,87,0.0,3.8,1
2024-01-14,3,Île-de-France,-2.5,90,0.0,6.8,1
2024-01-14,4,Île-de-France,-2.5,90,0.0,5.8,1
2024-01-14,5,Île-de-France,-2.5,91,0.0,6.4,1
2024-01-14,6,Île-de-France,-2.6,92,0.0,4.8,1
2024-01-14,7,Île-de-France,-2.6,93,0.0,3.6,1
2024-01-14,8,Île-de-France,-2.7,93,0.0,2.2,1
2024-01-14,9,Île-de-France,-2.8,92,0.0,3.3,1
2024-01-14,10,Île-de-France,-2.9,91,0.0,2.5,1
2024-01-14,11,Île-de-France,-2.6,88,0.0,1.4,1
2024-01-14,12,Île-de-France,-2.1,86,0.0,5.0,1
2024-01-14,13,Île-de-France,-1.6,82,0.0,5.0,1
2024-01-14,14,Île-de-France,-0.5,77,0.0,5.2,0
2024-01-14,15,Île-de-France,-0.6,78,0.0,7.6,0
2024-01-14,16,Île-de-France,-0.2,77,0.0,6.9,0
2024-01-14,17,Île-de-France,0.2,76,0.0,7.2,0
2024-01-14,18,Île-de-France,-0.3,77,0.0,9.2,0
2024-01-14,19,Île-de-France,-0.5,77,0.0,11.2,0
2024-01-14,20,Île-de-France,-0.6,78,0.0,8.7,0
2024-01-14,21,Île-de-France,-0.6,79,0.0,10.1,0
2024-01-14,22,Île-de-France,-0.5,81,0.0,10.6,1
2024-01-14,23,Île-de-France,0.1,81,0.0,11.0,1
2024-01-15,0,Île-de-France,0.2,82,0.0,10.7,1
2024-01-15,1,Île-de-France,-0.7,89,0.0,9.1,1
2024-01-15,2,Île-de-France,-1.6,92,0.0,8.6,1
2024-01-15,3,Île-de-France,0.4,84,0.0,10.7,1
2024-01-15,4,Île-de-France,0.6,86,0.0,8.7,1
2024-01-15,5,Île-de-France,0.3,91,0.2,8.8,1
2024-01-15,6,Île-de-France,0.9,89,0.1,11.3,1
2024-01-15,7,Île-de-France,1.4,86,0.0,14.1,1
2024-01-15,8,Île-de-France,1.6,87,0.0,13.4,1
2024-01-15,9,Île-de-France,1.7,87,0.0,13.0,1
2024-01-15,10,Île-de-France,1.8,88,0.0,12.4,1
2024-01-15,11,Île-de-France,2.3,88,0.0,12.6,1
2024-01-15,12,Île-de-France,3.2,78,0.0,12.1,0
2024-01-15,13,Île-de-France,4.1,66,0.0,14.3,0
2024-01-15,14,Île-de-France,4.6,55,0.0,17.7,0
2024-01-15,15,Île-de-France,4.5,53,0.0,17.2,0
2024-01-15,16,Île-de-France,4.5,48,0.0,16.7,0
2024-01-15,17,Île-de-France,4.2,51,0.0,13.6,0
2024-01-15,18,Île-de-France,2.4,58,0.0,8.3,0
2024-01-15,19,Île-de-France,-0.1,70,0.0,9.2,0
2024-01-15,20,Île-de-France,-1.8,78,0.0,11.2,0
2024-01-15,21,Île-de-France,-2.5,82,0.0,10.0,1
2024-01-15,22,Île-de-France,-2.9,84,0.0,9.3,1
2024-01-15,23,Île-de-France,-3.4,87,0.0,9.1,1
2024-01-16,0,Île-de-France,-4.1,89,0.0,10.0,1
2024-01-16,1,Île-de-France,-3.8,89,0.0,8.0,1
2024-01-16,2,Île-de-France,-3.0,88,0.0,5.4,1
2024-01-16,3,Île-de-France,-2.8,91,0.0,2.5,1
2024-01-16,4,Île-de-France,-2.9,92,0.0,0.5,1
2024-01-16,5,Île-de-France,-3.1,93,0.0,3.3,1
2024-01-16,6,Île-de-France,-3.1,93,0.0,4.0,1
2024-01-16,7,Île-de-France,-3.0,92,0.0,3.5,1
2024-01-16,8,Île-de-France,-3.5,93,0.0,4.4,1
2024-01-16,9,Île-de-France,-3.3,93,0.0,3.7,1
2024-01-16,10,Île-de-France,-3.8,94,0.0,3.1,1
2024-01-16,11,Île-de-France,-2.6,88,0.0,4.3,1
2024-01-16,12,Île-de-France,-0.4,74,0.0,2.3,0
2024-01-16,13,Île-de-France,1.5,64,0.0,1.8,0
2024-01-16,14,Île-de-France,2.5,62,0.0,2.3,0
2024-01-16,15,Île-de-France,3.1,54,0.0,2.1,0
2024-01-16,16,Île-de-France,2.9,52,0.0,2.9,0
2024-01-16,17,Île-de-France,2.4,61,0.0,3.1,0
2024-01-16,18,Île-de-France,-1.0,76,0.0,9.1,0
2024-01-16,19,Île-de-France,-2.4,80,0.0,8.8,0
2024-01-16,20,Île-de-France,-2.3,82,0.0,7.7,1
2024-01-16,21,Île-de-France,-1.9,82,0.0,9.6,1
2024-01-16,22,Île-de-France,-1.4,81,0.0,10.8,1
2024-01-16,23,Île-de-France,-1.6,84,0.0,9.5,1
2024-01-17,0,Île-de-France,-1.8,85,0.0,9.1,1
2024-01-17,1,Île-de-France,-2.0,86,0.0,7.7,1
2024-01-17,2,Île-de-France,-1.1,82,0.1,9.4,1
2024-01-17,3,Île-de-France,-0.7,90,0.9,6.7,1
2024-01-17,4,Île-de-France,-0.4,92,0.9,8.8,1
2024-01-17,5,Île-de-France,-0.2,94,0.8,9.7,1
2024-01-17,6,Île-de-France,0.1,96,1.7,10.1,1
2024-01-17,7,Île-de-France,0.7,96,2.0,9.3,1
2024-01-17,8,Île-de-France,1.1,98,1.5,8.9,1
2024-01-17,9,Île-de-France,1.5,98,1.4,7.0,1
2024-01-17,10,Île-de-France,2.0,97,2.1,8.3,1
2024-01-17,11,Île-de-France,2.5,97,3.2,10.4,1
2024-01-17,12,Île-de-France,2.9,97,3.3,4.8,1
2024-01-17,13,Île-de-France,3.3,99,2.5,13.7,1
2024-01-17,14,Île-de-France,7.3,94,1.3,16.5,1
2024-01-17,15,Île-de-France,1.3,100,1.4,8.3,1
2024-01-17,16,Île-de-France,0.9,100,1.1,14.0,1
2024-01-17,17,Île-de-France,1.0,99,1.1,6.6,1
2024-01-17,18,Île-de-France,0.8,97,1.1,7.5,1
2024-01-17,19,Île-de-France,0.1,100,0.2,7.6,1
2024-01-17,20,Île-de-France,0.4,97,0.1,6.7,1
2024-01-17,21,Île-de-France,0.3,95,0.1,10.5,1
2024-01-17,22,Île-de-France,-0.2,96,0.3,10.7,1
2024-01-17,23,Île-de-France,-0.5,96,0.3,10.9,1
2024-01-18,0,Île-de-France,-0.6,96,0.2,10.0,1
2024-01-18,1,Île-de-France,-0.4,95,0.1,9.7,1
2024-01-18,2,Île-de-France,-0.3,94,1.0,13.7,1
2024-01-18,3,Île-de-France,-0.2,95,1.0,16.3,1
2024-01-18,4,Île-de-France,-0.4,95,0.9,17.2,1
2024-01-18,5,Île-de-France,-0.4,94,1.2,19.0,1
2024-01-18,6,Île-de-France,-0.3,92,1.2,20.1,1
2024-01-18,7,Île-de-France,-0.7,91,0.5,21.2,1
2024-01-18,8,Île-de-France,-0.4,89,0.1,20.3,1
2024-01-18,9,Île-de-France,-0.1,88,0.0,16.3,1
2024-01-18,10,Île-de-France,-0.6,90,0.0,14.1,1
2024-01-18,11,Île-de-France,-0.3,87,0.0,15.6,1
2024-01-18,12,Île-de-France,0.7,84,0.0,12.2,1
2024-01-18,13,Île-de-France,0.7,84,0.0,8.2,1
2024-01-18,14,Île-de-France,2.8,78,0.0,13.4,0
2024-01-18,15,Île-de-France,2.8,74,0.0,17.3,0
2024-01-18,16,Île-de-France,2.4,77,0.0,16.4,0
2024-01-18,17,Île-de-France,2.1,77,0.0,15.0,0
2024-01-18,18,Île-de-France,0.8,78,0.0,9.1,0
2024-01-18,19,Île-de-France,-3.1,86,0.0,10.7,1
2024-01-18,20,Île-de-France,-3.1,86,0.0,8.2,1
2024-01-18,21,Île-de-France,-3.3,86,0.0,8.0,1
2024-01-18,22,Île-de-France,-3.7,87,0.0,8.0,1
2024-01-18,23,Île-de-France,-3.9,88,0.0,7.3,1
2024-01-19,0,Île-de-France,-4.4,90,0.0,7.1,1
2024-01-19,1,Île-de-France,-4.6,90,0.0,6.8,1
2024-01-19,2,Île-de-France,-4.6,90,0.0,6.6,1
2024-01-19,3,Île-de-France,-1.6,88,0.0,6.2,1
2024-01-19,4,Île-de-France,-1.5,88,0.0,6.0,1
2024-01-19,5,Île-de-France,-1.6,90,0.0,6.3,1
2024-01-19,6,Île-de-France,-2.4,93,0.0,5.5,1
2024-01-19,7,Île-de-France,-4.2,95,0.0,7.4,1
2024-01-19,8,Île-de-France,-4.6,95,0.0,7.6,1
2024-01-19,9,Île-de-France,-5.0,95,0.0,8.2,1
2024-01-19,10,Île-de-France,-4.8,95,0.0,7.8,1
2024-01-19,11,Île-de-France,-2.2,89,0.0,5.8,1
2024-01-19,12,Île-de-France,0.0,78,0.0,3.3,0
2024-01-19,13,Île-de-France,1.9,70,0.0,3.4,0
2024-01-19,14,Île-de-France,3.2,65,0.0,3.6,0
2024-01-19,15,Île-de-France,3.3,69,0.0,3.6,0
2024-01-19,16,Île-de-France,3.4,68,0.0,4.8,0
2024-01-19,17,Île-de-France,2.6,73,0.0,3.4,0
2024-01-19,18,Île-de-France,-1.2,86,0.0,9.4,1
2024-01-19,19,Île-de-France,-3.6,91,0.0,12.2,1
2024-01-19,20,Île-de-France,-4.4,94,0.0,12.0,1
2024-01-19,21,Île-de-France,-4.6,94,0.0,11.8,1
2024-01-19,22,Île-de-France,-4.6,94,0.0,10.9,1
2024-01-19,23,Île-de-France,-5.0,94,0.0,11.6,1
2024-01-20,0,Île-de-France,-5.1,94,0.0,10.8,1
2024-01-20,1,Île-de-France,-5.4,94,0.0,8.7,1
2024-01-20,2,Île-de-France,-6.1,94,0.0,9.7,1
2024-01-20,3,Île-de-France,-4.9,93,0.0,8.8,1
2024-01-20,4,Île-de-France,-5.1,93,0.0,8.4,1
2024-01-20,5,Île-de-France,-4.8,93,0.0,7.9,1
2024-01-20,6,Île-de-France,-5.7,93,0.0,9.4,1
2024-01-20,7,Île-de-France,-5.7,94,0.0,9.5,1
2024-01-20,8,Île-de-France,-5.8,94,0.0,9.1,1
2024-01-20,9,Île-de-France,-4.1,92,0.0,5.4,1
2024-01-20,10,Île-de-France,-4.8,94,0.0,5.7,1
2024-01-20,11,Île-de-France,-3.5,89,0.0,6.6,1
2024-01-20,12,Île-de-France,-1.9,79,0.0,8.7,0
2024-01-20,13,Île-de-France,-0.2,70,0.0,7.8,0
2024-01-20,14,Île-de-France,1.3,63,0.0,8.1,0
2024-01-20,15,Île-de-France,0.8,74,0.0,10.0,0
2024-01-20,16,Île-de-France,1.3,73,0.0,8.9,0
2024-01-20,17,Île-de-France,1.3,74,0.0,11.0,0
2024-01-20,18,Île-de-France,-0.9,87,0.0,7.1,1
2024-01-20,19,Île-de-France,-3.1,89,0.0,9.5,1
2024-01-20,20,Île-de-France,-2.9,87,0.0,8.7,1
2024-01-20,21,Île-de-France,-2.6,87,0.0,10.4,1
2024-01-20,22,Île-de-France,-2.5,86,0.0,10.5,1
2024-01-20,23,Île-de-France,-2.4,85,0.0,11.6,1
2024-01-21,0,Île-de-France,-2.1,83,0.0,11.8,1
2024-01-21,1,Île-de-France,-2.2,81,0.0,13.4,1
2024-01-21,2,Île-de-France,-1.9,75,0.0,15.6,0
2024-01-21,3,Île-de-France,-1.1,70,0.0,13.4,0
2024-01-21,4,Île-de-France,-1.4,69,0.0,11.9,0
2024-01-21,5,Île-de-France,0.4,59,0.0,15.2,0
2024-01-21,6,Île-de-France,1.5,54,0.0,21.8,0
2024-01-21,7,Île-de-France,2.1,52,0.0,23.6,0
2024-01-21,8,Île-de-France,2.4,53,0.1,25.4,0
2024-01-21,9,Île-de-France,1.4,62,0.0,20.5,0
2024-01-21,10,Île-de-France,2.2,62,0.0,21.5,0
2024-01-21,11,Île-de-France,3.0,67,0.0,21.1,0
2024-01-21,12,Île-de-France,5.8,70,0.0,24.4,0
2024-01-21,13,Île-de-France,7.6,72,0.0,23.2,0
2024-01-21,14,Île-de-France,8.4,72,0.0,17.6,0
2024-01-21,15,Île-de-France,6.9,83,0.0,21.8,1
2024-01-21,16,Île-de-France,6.6,89,0.0,18.2,1
2024-01-21,17,Île-de-France,6.8,92,0.0,18.6,1
2024-01-21,18,Île-de-France,6.8,93,0.0,19.8,1
2024-01-21,19,Île-de-France,6.7,94,0.0,22.6,1
2024-01-21,20,Île-de-France,6.8,94,0.0,24.5,1
2024-01-21,21,Île-de-France,7.1,93,0.0,25.7,1
2024-01-21,22,Île-de-France,7.1,94,0.0,27.7,1
2024-01-21,23,Île-de-France,7.3,94,0.0,30.4,1
2024-01-22,0,Île-de-France,7.7,93,0.0,33.0,1
2024-01-22,1,Île-de-France,8.2,91,0.0,35.3,1
2024-01-22,2,Île-de-France,8.4,88,0.0,36.4,1
2024-01-22,3,Île-de-France,10.0,82,0.0,38.5,1
2024-01-22,4,Île-de-France,10.4,78,0.0,38.6,0
2024-01-22,5,Île-de-France,10.4,79,0.9,39.2,1
2024-01-22,6,Île-de-France,10.9,80,0.1,41.3,0
2024-01-22,7,Île-de-France,11.2,79,0.0,41.3,0
2024-01-22,8,Île-de-France,11.4,82,0.5,38.5,1
2024-01-22,9,Île-de-France,10.7,87,1.3,31.2,1
2024-01-22,10,Île-de-France,10.9,86,0.2,32.1,1
2024-01-22,11,Île-de-France,11.2,86,0.0,27.7,1
2024-01-22,12,Île-de-France,11.7,86,0.1,26.1,1
2024-01-22,13,Île-de-France,12.1,81,0.0,22.9,1
2024-01-22,14,Île-de-France,12.1,76,0.0,27.2,0
2024-01-22,15,Île-de-France,10.1,86,0.5,21.2,1
2024-01-22,16,Île-de-France,10.7,80,0.0,23.2,0
2024-01-22,17,Île-de-France,10.7,76,0.0,23.3,0
2024-01-22,18,Île-de-France,10.0,75,0.0,23.1,0
2024-01-22,19,Île-de-France,9.2,76,0.0,21.3,0
2024-01-22,20,Île-de-France,8.6,76,0.0,20.2,0
2024-01-22,21,Île-de-France,8.4,75,0.0,22.1,0
2024-01-22,22,Île-de-France,8.1,75,0.0,21.4,0
2024-01-22,23,Île-de-France,7.9,76,0.0,21.3,0
2024-01-23,0,Île-de-France,7.7,78,0.0,21.1,0
2024-01-23,1,Île-de-France,7.6,80,0.0,22.3,0
2024-01-23,2,Île-de-France,7.4,81,0.0,22.2,1
2024-01-23,3,Île-de-France,7.9,77,0.0,21.4,0
2024-01-23,4,Île-de-France,7.2,81,0.0,16.8,1
2024-01-23,5,Île-de-France,6.3,86,0.0,14.1,1
2024-01-23,6,Île-de-France,5.9,89,0.0,14.7,1
2024-01-23,7,Île-de-France,5.8,91,0.0,15.8,1
2024-01-23,8,Île-de-France,5.8,91,0.0,15.3,1
2024-01-23,9,Île-de-France,5.8,92,0.0,14.6,1
2024-01-23,10,Île-de-France,6.4,91,0.0,14.8,1
2024-01-23,11,Île-de-France,7.3,88,0.0,15.5,1
2024-01-23,12,Île-de-France,8.4,85,0.1,16.0,1
2024-01-23,13,Île-de-France,8.4,88,0.2,16.1,1
2024-01-23,14,Île-de-France,8.6,89,0.1,17.3,1
2024-01-23,15,Île-de-France,9.6,86,0.1,20.2,1
2024-01-23,16,Île-de-France,10.0,86,0.0,23.7,1
2024-01-23,17,Île-de-France,11.0,81,0.0,22.7,1
2024-01-23,18,Île-de-France,11.7,80,0.0,22.5,0
2024-01-23,19,Île-de-France,12.0,84,0.0,21.8,1
2024-01-23,20,Île-de-France,12.3,87,0.0,22.1,1
2024-01-23,21,Île-de-France,12.7,89,0.0,25.0,1
2024-01-23,22,Île-de-France,13.0,90,0.0,26.3,1
2024-01-23,23,Île-de-France,13.0,90,0.0,27.0,1
2024-01-24,0,Île-de-France,12.9,89,0.0,25.6,1
2024-01-24,1,Île-de-France,12.7,89,0.0,25.6,1
2024-01-24,2,Île-de-France,12.6,89,0.0,26.2,1
2024-01-24,3,Île-de-France,13.1,89,0.0,25.7,1
2024-01-24,4,Île-de-France,13.1,87,0.0,26.0,1
2024-01-24,5,Île-de-France,13.0,88,0.1,28.0,1
2024-01-24,6,Île-de-France,12.9,88,0.0,26.9,1
2024-01-24,7,Île-de-France,12.8,88,0.0,25.4,1
2024-01-24,8,Île-de-France,12.9,88,0.1,23.8,1
2024-01-24,9,Île-de-France,12.8,88,0.2,22.4,1
2024-01-24,10,Île-de-France,11.9,88,0.1,20.5,1
2024-01-24,11,Île-de-France,11.8,83,0.0,22.0,1
2024-01-24,12,Île-de-France,12.4,78,0.0,23.9,0
2024-01-24,13,Île-de-France,12.8,73,0.0,26.3,0
2024-01-24,14,Île-de-France,13.3,67,0.0,27.7,0
2024-01-24,15,Île-de-France,13.1,66,0.0,25.2,0
2024-01-24,16,Île-de-France,13.2,66,0.0,23.4,0
2024-01-24,17,Île-de-France,13.0,68,0.0,18.1,0
2024-01-24,18,Île-de-France,12.2,72,0.0,13.1,0
2024-01-24,19,Île-de-France,10.6,79,0.0,9.4,0
2024-01-24,20,Île-de-France,10.2,81,0.0,9.0,1
2024-01-24,21,Île-de-France,10.6,78,0.0,9.5,0
2024-01-24,22,Île-de-France,10.8,77,0.0,8.0,0
2024-01-24,23,Île-de-France,10.4,81,0.0,6.7,1
2024-01-25,0,Île-de-France,8.3,92,0.0,10.3,1
2024-01-25,1,Île-de-France,9.8,94,0.0,6.7,1
2024-01-25,2,Île-de-France,10.3,96,0.0,5.9,1
2024-01-25,3,Île-de-France,9.4,93,0.6,4.3,1
2024-01-25,4,Île-de-France,9.4,92,0.0,3.1,1
2024-01-25,5,Île-de-France,9.3,93,0.0,3.5,1
2024-01-25,6,Île-de-France,9.5,92,0.0,5.6,1
2024-01-25,7,Île-de-France,9.4,92,0.0,7.9,1
2024-01-25,8,Île-de-France,9.5,93,0.0,9.0,1
2024-01-25,9,Île-de-France,10.0,96,0.0,8.0,1
2024-01-25,10,Île-de-France,10.7,96,0.0,12.5,1
2024-01-25,11,Île-de-France,11.1,93,0.0,14.8,1
2024-01-25,12,Île-de-France,11.4,91,0.0,12.4,1
2024-01-25,13,Île-de-France,12.3,86,0.0,14.3,1
2024-01-25,14,Île-de-France,12.6,83,0.0,16.3,1
2024-01-25,15,Île-de-France,13.0,83,0.0,12.7,1
2024-01-25,16,Île-de-France,12.7,83,0.0,12.5,1
2024-01-25,17,Île-de-France,12.2,85,0.0,9.9,1
2024-01-25,18,Île-de-France,11.8,86,0.0,8.3,1
2024-01-25,19,Île-de-France,11.3,89,0.4,10.0,1
2024-01-25,20,Île-de-France,11.1,90,0.4,8.7,1
2024-01-25,21,Île-de-France,11.0,89,0.1,11.2,1
2024-01-25,22,Île-de-France,10.7,90,0.0,11.7,1
2024-01-25,23,Île-de-France,10.9,90,0.0,11.6,1
2024-01-26,0,Île-de-France,10.0,93,0.0,11.5,1
2024-01-26,1,Île-de-France,9.7,95,0.0,12.9,1
2024-01-26,2,Île-de-France,10.0,95,0.0,13.2,1
2024-01-26,3,Île-de-France,10.6,95,0.0,15.5,1
2024-01-26,4,Île-de-France,10.8,94,0.0,16.4,1
2024-01-26,5,Île-de-France,10.7,94,0.0,17.9,1
2024-01-26,6,Île-de-France,10.8,93,0.2,21.5,1
2024-01-26,7,Île-de-France,10.8,93,0.2,21.1,1
2024-01-26,8,Île-de-France,11.0,92,0.0,21.7,1
2024-01-26,9,Île-de-France,11.2,91,0.0,21.9,1
2024-01-26,10,Île-de-France,11.3,91,1.4,23.7,1
2024-01-26,11,Île-de-France,11.8,89,0.0,22.4,1
2024-01-26,12,Île-de-France,11.9,90,0.1,23.2,1
2024-01-26,13,Île-de-France,11.2,82,0.0,21.3,1
2024-01-26,14,Île-de-France,11.7,73,0.0,21.5,0
2024-01-26,15,Île-de-France,11.5,58,0.0,19.9,0
2024-01-26,16,Île-de-France,11.0,55,0.0,19.1,0
2024-01-26,17,Île-de-France,10.4,55,0.0,15.8,0
2024-01-26,18,Île-de-France,8.7,60,0.0,10.0,0
2024-01-26,19,Île-de-France,5.2,75,0.0,9.7,0
2024-01-26,20,Île-de-France,3.7,82,0.0,10.5,1
2024-01-26,21,Île-de-France,2.7,86,0.0,9.9,1
2024-01-26,22,Île-de-France,1.6,88,0.0,10.6,1
2024-01-26,23,Île-de-France,2.4,85,0.0,6.6,1
2024-01-27,0,Île-de-France,2.9,84,0.0,2.3,1
2024-01-27,1,Île-de-France,2.4,87,0.0,0.5,1
2024-01-27,2,Île-de-France,2.1,89,0.0,1.1,1
2024-01-27,3,Île-de-France,2.0,93,0.0,1.6,1
2024-01-27,4,Île-de-France,1.7,95,0.0,0.7,1
2024-01-27,5,Île-de-France,1.4,97,0.0,2.3,1
2024-01-27,6,Île-de-France,1.0,98,0.0,5.5,1
2024-01-27,7,Île-de-France,-0.8,99,0.0,6.5,1
2024-01-27,8,Île-de-France,-2.1,100,0.0,8.7,1
2024-01-27,9,Île-de-France,-2.8,99,0.0,9.7,1
2024-01-27,10,Île-de-France,-1.9,99,0.0,5.9,1
2024-01-27,11,Île-de-France,-0.1,94,0.0,7.6,1
2024-01-27,12,Île-de-France,2.5,85,0.0,5.4,1
2024-01-27,13,Île-de-France,4.7,79,0.0,5.6,0
2024-01-27,14,Île-de-France,6.4,74,0.0,6.1,0
2024-01-27,15,Île-de-France,6.7,70,0.0,7.6,0
2024-01-27,16,Île-de-France,7.4,66,0.0,8.4,0
2024-01-27,17,Île-de-France,7.4,66,0.0,8.0,0
2024-01-27,18,Île-de-France,5.7,77,0.0,6.1,0
2024-01-27,19,Île-de-France,2.9,85,0.0,9.1,1
2024-01-27,20,Île-de-France,2.2,86,0.0,8.4,1
2024-01-27,21,Île-de-France,1.7,86,0.0,8.5,1
2024-01-27,22,Île-de-France,0.7,89,0.0,8.7,1
2024-01-27,23,Île-de-France,-0.1,90,0.0,10.3,1
2024-01-28,0,Île-de-France,-0.3,91,0.0,10.1,1
2024-01-28,1,Île-de-France,-0.5,92,0.0,10.2,1
2024-01-28,2,Île-de-France,-0.3,92,0.0,8.5,1
2024-01-28,3,Île-de-France,-0.2,94,0.0,9.5,1
2024-01-28,4,Île-de-France,-1.0,95,0.0,10.4,1
2024-01-28,5,Île-de-France,-0.5,94,0.0,7.9,1
2024-01-28,6,Île-de-France,-0.9,94,0.0,8.7,1
2024-01-28,7,Île-de-France,-0.6,93,0.0,8.0,1
2024-01-28,8,Île-de-France,-0.3,93,0.0,7.9,1
2024-01-28,9,Île-de-France,-0.1,92,0.0,8.7,1
2024-01-28,10,Île-de-France,0.6,91,0.0,9.4,1
2024-01-28,11,Île-de-France,2.7,86,0.0,12.5,1
2024-01-28,12,Île-de-France,4.7,81,0.0,9.9,1
2024-01-28,13,Île-de-France,6.4,77,0.0,8.7,0
2024-01-28,14,Île-de-France,7.9,74,0.0,10.0,0
2024-01-28,15,Île-de-France,7.9,79,0.0,9.3,0
2024-01-28,16,Île-de-France,8.9,78,0.0,9.4,0
2024-01-28,17,Île-de-France,9.1,80,0.0,9.4,0
2024-01-28,18,Île-de-France,8.0,86,0.0,7.4,1
2024-01-28,19,Île-de-France,5.6,92,0.0,8.9,1
2024-01-28,20,Île-de-France,4.8,92,0.0,9.5,1
2024-01-28,21,Île-de-France,4.8,91,0.0,8.8,1
2024-01-28,22,Île-de-France,4.4,91,0.0,9.3,1
2024-01-28,23,Île-de-France,4.8,90,0.0,9.2,1
2024-01-29,0,Île-de-France,5.5,86,0.0,9.7,1
2024-01-29,1,Île-de-France,5.1,87,0.0,9.8,1
2024-01-29,2,Île-de-France,5.1,88,0.0,9.5,1
2024-01-29,3,Île-de-France,3.4,93,0.0,13.5,1
2024-01-29,4,Île-de-France,4.1,93,0.0,9.8,1
2024-01-29,5,Île-de-France,5.0,92,0.0,10.2,1
2024-01-29,6,Île-de-France,5.2,92,0.0,10.5,1
2024-01-29,7,Île-de-France,5.2,92,0.0,10.1,1
2024-01-29,8,Île-de-France,5.1,93,0.0,9.7,1
2024-01-29,9,Île-de-France,5.0,93,0.0,9.4,1
2024-01-29,10,Île-de-France,5.2,93,0.0,9.4,1
2024-01-29,11,Île-de-France,6.8,90,0.0,12.6,1
2024-01-29,12,Île-de-France,8.4,88,0.0,10.5,1
2024-01-29,13,Île-de-France,9.8,84,0.0,11.7,1
2024-01-29,14,Île-de-France,11.2,81,0.0,12.6,1
2024-01-29,15,Île-de-France,12.4,76,0.0,12.6,0
2024-01-29,16,Île-de-France,12.7,75,0.0,13.0,0
2024-01-29,17,Île-de-France,12.6,76,0.0,11.9,0
2024-01-29,18,Île-de-France,11.3,81,0.0,9.9,1
2024-01-29,19,Île-de-France,9.5,86,0.0,9.7,1
2024-01-29,20,Île-de-France,8.7,88,0.0,9.4,1
2024-01-29,21,Île-de-France,8.5,88,0.0,9.4,1
2024-01-29,22,Île-de-France,8.6,88,0.0,10.2,1
2024-01-29,23,Île-de-France,8.6,88,0.0,9.7,1
2024-01-30,0,Île-de-France,9.0,88,0.0,9.4,1
2024-01-30,1,Île-de-France,9.7,87,0.0,10.5,1
2024-01-30,2,Île-de-France,10.1,88,0.0,11.0,1
2024-01-30,3,Île-de-France,9.6,91,0.0,8.6,1
2024-01-30,4,Île-de-France,9.2,93,0.0,10.0,1
2024-01-30,5,Île-de-France,8.4,94,0.0,10.8,1
2024-01-30,6,Île-de-France,8.2,95,0.0,9.0,1
2024-01-30,7,Île-de-France,9.0,94,0.0,10.1,1
2024-01-30,8,Île-de-France,9.4,94,0.0,8.6,1
2024-01-30,9,Île-de-France,9.1,94,0.0,7.7,1
2024-01-30,10,Île-de-France,9.1,95,0.0,6.9,1
2024-01-30,11,Île-de-France,10.3,92,0.0,7.2,1
2024-01-30,12,Île-de-France,10.6,91,0.0,10.8,1
2024-01-30,13,Île-de-France,10.9,86,0.0,12.6,1
2024-01-30,14,Île-de-France,10.9,85,0.0,11.4,1
2024-01-30,15,Île-de-France,10.7,78,0.0,10.7,0
2024-01-30,16,Île-de-France,10.9,71,0.0,9.7,0
2024-01-30,17,Île-de-France,11.0,70,0.0,9.3,0
2024-01-30,18,Île-de-France,10.3,74,0.0,6.4,0
2024-01-30,19,Île-de-France,7.1,86,0.0,8.7,1
2024-01-30,20,Île-de-France,6.7,87,0.0,8.3,1
2024-01-30,21,Île-de-France,7.2,82,0.0,6.2,1
2024-01-30,22,Île-de-France,6.7,82,0.0,6.5,1
2024-01-30,23,Île-de-France,6.2,85,0.0,8.3,1
2024-01-31,0,Île-de-France,6.2,84,0.0,7.8,1
2024-01-31,1,Île-de-France,6.3,85,0.0,6.5,1
2024-01-31,2,Île-de-France,6.7,81,0.0,4.5,1
2024-01-31,3,Île-de-France,6.1,84,0.0,3.8,1
2024-01-31,4,Île-de-France,5.0,90,0.0,5.4,1
2024-01-31,5,Île-de-France,5.4,88,0.0,3.6,1
2024-01-31,6,Île-de-France,4.7,94,0.0,4.2,1
2024-01-31,7,Île-de-France,4.2,96,0.0,5.6,1
2024-01-31,8,Île-de-France,3.8,97,0.0,5.2,1
2024-01-31,9,Île-de-France,2.4,98,0.0,9.7,1
2024-01-31,10,Île-de-France,3.0,96,0.0,8.1,1
2024-01-31,11,Île-de-France,5.9,88,0.0,6.6,1
2024-01-31,12,Île-de-France,7.7,83,0.0,6.2,1
2024-01-31,13,Île-de-France,9.1,80,0.0,9.3,0
2024-01-31,14,Île-de-France,11.1,75,0.0,10.9,0
2024-01-31,15,Île-de-France,10.2,72,0.0,14.1,0
2024-01-31,16,Île-de-France,9.9,72,0.0,13.4,0
2024-01-31,17,Île-de-France,10.0,69,0.0,12.3,0
2024-01-31,18,Île-de-France,9.4,73,0.0,5.8,0
2024-01-31,19,Île-de-France,6.3,86,0.0,9.3,1
2024-01-31,20,Île-de-France,7.3,82,0.0,8.0,1
2024-01-31,21,Île-de-France,6.0,88,0.0,9.9,1
2024-01-31,22,Île-de-France,6.1,88,0.0,11.8,1
2024-01-31,23,Île-de-France,6.5,88,0.0,11.7,1
2024-02-01,0,Île-de-France,6.9,86,0.0,12.4,1
2024-02-01,1,Île-de-France,8.1,82,0.0,14.2,1
2024-02-01,2,Île-de-France,8.4,83,0.0,15.6,1
2024-02-01,3,Île-de-France,9.5,84,0.0,17.0,1
2024-02-01,4,Île-de-France,9.1,87,0.0,16.3,1
2024-02-01,5,Île-de-France,9.7,85,0.0,17.6,1
2024-02-01,6,Île-de-France,9.7,86,0.0,16.2,1
2024-02-01,7,Île-de-France,9.7,88,0.0,15.3,1
2024-02-01,8,Île-de-France,9.5,91,0.6,13.9,1
2024-02-01,9,Île-de-France,9.6,91,0.0,13.8,1
2024-02-01,10,Île-de-France,9.6,93,0.2,13.1,1
2024-02-01,11,Île-de-France,9.7,94,0.3,11.9,1
2024-02-01,12,Île-de-France,10.0,94,0.1,10.9,1
2024-02-01,13,Île-de-France,10.7,93,0.0,11.3,1
2024-02-01,14,Île-de-France,10.9,92,0.0,10.8,1
2024-02-01,15,Île-de-France,11.4,87,0.0,10.5,1
2024-02-01,16,Île-de-France,11.2,87,0.0,8.6,1
2024-02-01,17,Île-de-France,10.9,87,0.0,10.2,1
2024-02-01,18,Île-de-France,9.9,89,0.1,8.5,1
2024-02-01,19,Île-de-France,9.3,89,0.0,5.2,1
2024-02-01,20,Île-de-France,8.7,93,0.0,4.5,1
2024-02-01,21,Île-de-France,8.1,93,0.0,4.0,1
2024-02-01,22,Île-de-France,6.2,98,0.0,5.2,1
2024-02-01,23,Île-de-France,4.6,100,0.0,6.4,1
2024-02-02,0,Île-de-France,3.3,100,0.0,7.9,1
2024-02-02,1,Île-de-France,4.2,100,0.0,4.3,1
2024-02-02,2,Île-de-France,2.6,100,0.0,5.4,1
2024-02-02,3,Île-de-France,2.7,100,0.0,8.0,1
2024-02-02,4,Île-de-France,2.9,100,0.0,5.8,1
2024-02-02,5,Île-de-France,3.3,100,0.0,6.1,1
2024-02-02,6,Île-de-France,3.5,100,0.0,8.9,1
2024-02-02,7,Île-de-France,3.7,99,0.0,7.7,1
2024-02-02,8,Île-de-France,3.7,100,0.0,7.9,1
2024-02-02,9,Île-de-France,4.0,100,0.0,10.0,1
2024-02-02,10,Île-de-France,4.3,99,0.0,12.4,1
2024-02-02,11,Île-de-France,4.6,98,0.0,12.0,1
2024-02-02,12,Île-de-France,5.8,90,0.0,13.3,1
2024-02-02,13,Île-de-France,7.5,82,0.0,15.2,1
2024-02-02,14,Île-de-France,8.1,84,0.0,13.8,1
2024-02-02,15,Île-de-France,8.1,86,0.0,12.5,1
2024-02-02,16,Île-de-France,8.7,86,0.0,12.6,1
2024-02-02,17,Île-de-France,8.9,87,0.0,12.1,1
2024-02-02,18,Île-de-France,8.8,88,0.0,10.0,1
2024-02-02,19,Île-de-France,8.5,90,0.0,10.8,1
2024-02-02,20,Île-de-France,8.5,90,0.0,12.1,1
2024-02-02,21,Île-de-France,8.5,90,0.0,12.7,1
2024-02-02,22,Île-de-France,8.6,90,0.0,13.7,1
2024-02-02,23,Île-de-France,8.6,91,0.0,13.2,1
2024-02-03,0,Île-de-France,8.7,91,0.0,13.6,1
2024-02-03,1,Île-de-France,8.7,92,0.0,12.2,1
2024-02-03,2,Île-de-France,8.8,92,0.0,11.9,1
2024-02-03,3,Île-de-France,8.6,90,0.0,12.7,1
2024-02-03,4,Île-de-France,8.7,90,0.0,12.9,1
2024-02-03,5,Île-de-France,8.7,89,0.0,13.0,1
2024-02-03,6,Île-de-France,8.6,90,0.0,11.8,1
2024-02-03,7,Île-de-France,8.7,89,0.0,12.1,1
2024-02-03,8,Île-de-France,8.8,89,0.0,11.9,1
2024-02-03,9,Île-de-France,8.7,89,0.0,11.6,1
2024-02-03,10,Île-de-France,8.8,88,0.0,12.6,1
2024-02-03,11,Île-de-France,9.3,87,0.0,13.7,1
2024-02-03,12,Île-de-France,9.9,84,0.0,14.2,1
2024-02-03,13,Île-de-France,10.2,82,0.0,16.6,1
2024-02-03,14,Île-de-France,11.0,77,0.0,18.4,0
2024-02-03,15,Île-de-France,10.8,81,0.0,16.9,1
2024-02-03,16,Île-de-France,11.0,80,0.0,18.5,0
2024-02-03,17,Île-de-France,10.9,78,0.0,16.3,0
2024-02-03,18,Île-de-France,10.5,80,0.0,12.6,0
2024-02-03,19,Île-de-France,10.0,82,0.0,10.7,1
2024-02-03,20,Île-de-France,9.8,84,0.0,10.4,1
2024-02-03,21,Île-de-France,9.6,85,0.0,10.4,1
2024-02-03,22,Île-de-France,9.5,85,0.0,11.0,1
2024-02-03,23,Île-de-France,9.3,86,0.0,11.6,1
2024-02-04,0,Île-de-France,9.3,86,0.0,12.2,1
2024-02-04,1,Île-de-France,9.2,86,0.0,11.9,1
2024-02-04,2,Île-de-France,9.0,87,0.0,12.9,1
2024-02-04,3,Île-de-France,9.1,86,0.0,13.7,1
2024-02-04,4,Île-de-France,9.2,85,0.0,13.6,1
2024-02-04,5,Île-de-France,9.0,86,0.0,13.0,1
2024-02-04,6,Île-de-France,9.0,85,0.0,13.1,1
2024-02-04,7,Île-de-France,8.7,87,0.0,12.1,1
2024-02-04,8,Île-de-France,8.9,85,0.0,13.0,1
2024-02-04,9,Île-de-France,9.0,85,0.0,13.0,1
2024-02-04,10,Île-de-France,9.1,85,0.0,14.0,1
2024-02-04,11,Île-de-France,9.7,82,0.0,14.8,1
2024-02-04,12,Île-de-France,10.4,80,0.0,13.4,0
2024-02-04,13,Île-de-France,11.2,77,0.0,16.2,0
2024-02-04,14,Île-de-France,12.1,72,0.0,19.1,0
2024-02-04,15,Île-de-France,11.1,73,0.0,20.4,0
2024-02-04,16,Île-de-France,10.9,74,0.0,20.5,0
2024-02-04,17,Île-de-France,10.7,75,0.0,19.2,0
2024-02-04,18,Île-de-France,10.5,77,0.0,14.9,0
2024-02-04,19,Île-de-France,10.2,78,0.0,15.6,0
2024-02-04,20,Île-de-France,10.0,79,0.0,16.1,0
2024-02-04,21,Île-de-France,9.9,78,0.0,15.7,0
2024-02-04,22,Île-de-France,9.9,78,0.0,16.1,0
2024-02-04,23,Île-de-France,9.8,77,0.0,16.0,0
2024-02-05,0,Île-de-France,9.6,75,0.0,16.3,0
2024-02-05,1,Île-de-France,9.3,76,0.0,15.0,0
2024-02-05,2,Île-de-France,9.1,77,0.0,14.3,0
2024-02-05,3,Île-de-France,9.2,81,0.0,13.5,1
2024-02-05,4,Île-de-France,8.9,81,0.0,13.4,1
2024-02-05,5,Île-de-France,8.6,83,0.0,13.2,1
2024-02-05,6,Île-de-France,8.2,84,0.0,13.5,1
2024-02-05,7,Île-de-France,7.4,89,0.0,12.1,1
2024-02-05,8,Île-de-France,6.3,94,0.0,11.3,1
2024-02-05,9,Île-de-France,5.8,95,0.0,10.2,1
2024-02-05,10,Île-de-France,6.7,92,0.0,10.7,1
2024-02-05,11,Île-de-France,7.8,85,0.0,15.8,1
2024-02-05,12,Île-de-France,8.3,82,0.0,16.2,1
2024-02-05,13,Île-de-France,8.1,83,0.0,15.6,1
2024-02-05,14,Île-de-France,8.2,81,0.0,15.2,1
2024-02-05,15,Île-de-France,9.1,78,0.0,17.2,0
2024-02-05,16,Île-de-France,8.9,77,0.0,17.8,0
2024-02-05,17,Île-de-France,8.9,75,0.0,18.2,0
2024-02-05,18,Île-de-France,8.6,74,0.0,16.3,0
2024-02-05,19,Île-de-France,8.3,76,0.0,13.5,0
2024-02-05,20,Île-de-France,8.0,77,0.0,13.6,0
2024-02-05,21,Île-de-France,8.1,77,0.0,15.1,0
2024-02-05,22,Île-de-France,8.1,79,0.0,15.6,0
2024-02-05,23,Île-de-France,8.2,81,0.0,17.3,1
2024-02-06,0,Île-de-France,8.2,84,0.0,16.8,1
2024-02-06,1,Île-de-France,8.5,83,0.0,17.6,1
2024-02-06,2,Île-de-France,8.6,84,0.0,17.4,1
2024-02-06,3,Île-de-France,7.6,85,0.0,18.9,1
2024-02-06,4,Île-de-France,7.7,87,0.0,19.6,1
2024-02-06,5,Île-de-France,7.9,86,0.0,20.9,1
2024-02-06,6,Île-de-France,8.1,86,0.0,19.6,1
2024-02-06,7,Île-de-France,8.4,84,0.0,21.1,1
2024-02-06,8,Île-de-France,8.5,84,0.0,22.2,1
2024-02-06,9,Île-de-France,8.4,85,0.0,21.4,1
2024-02-06,10,Île-de-France,7.9,87,0.0,20.9,1
2024-02-06,11,Île-de-France,9.1,81,0.0,25.7,1
2024-02-06,12,Île-de-France,10.2,76,0.0,28.4,0
2024-02-06,13,Île-de-France,11.4,71,0.0,28.9,0
2024-02-06,14,Île-de-France,12.5,67,0.0,29.9,0
2024-02-06,15,Île-de-France,11.4,72,0.0,22.9,0
2024-02-06,16,Île-de-France,11.7,72,0.0,23.7,0
2024-02-06,17,Île-de-France,12.2,70,0.0,26.7,0
2024-02-06,18,Île-de-France,11.9,71,0.0,22.6,0
2024-02-06,19,Île-de-France,11.2,73,0.0,21.2,0
2024-02-06,20,Île-de-France,11.5,73,0.0,23.2,0
2024-02-06,21,Île-de-France,11.5,75,0.0,24.2,0
2024-02-06,22,Île-de-France,10.9,79,0.0,24.2,0
2024-02-06,23,Île-de-France,10.8,81,0.0,24.7,1
2024-02-07,0,Île-de-France,11.2,80,0.0,26.6,0
2024-02-07,1,Île-de-France,11.0,82,0.0,26.4,1
2024-02-07,2,Île-de-France,10.8,85,0.0,25.8,1
2024-02-07,3,Île-de-France,11.2,85,0.0,26.9,1
2024-02-07,4,Île-de-France,11.4,84,0.0,28.6,1
2024-02-07,5,Île-de-France,11.2,85,0.0,26.5,1
2024-02-07,6,Île-de-France,11.1,85,0.1,25.0,1
2024-02-07,7,Île-de-France,10.8,88,0.1,25.2,1
2024-02-07,8,Île-de-France,10.8,88,0.4,25.8,1
2024-02-07,9,Île-de-France,10.4,91,0.4,24.5,1
2024-02-07,10,Île-de-France,10.4,92,0.3,25.0,1
2024-02-07,11,Île-de-France,10.4,92,0.3,28.3,1
2024-02-07,12,Île-de-France,10.6,91,0.2,25.5,1
2024-02-07,13,Île-de-France,10.9,89,0.9,24.0,1
2024-02-07,14,Île-de-France,11.3,88,0.1,26.8,1
2024-02-07,15,Île-de-France,11.6,88,0.3,27.2,1
2024-02-07,16,Île-de-France,12.4,85,0.1,25.4,1
2024-02-07,17,Île-de-France,11.9,88,0.2,26.0,1
2024-02-07,18,Île-de-France,11.7,91,5.7,20.0,1
2024-02-07,19,Île-de-France,11.5,92,2.9,20.1,1
2024-02-07,20,Île-de-France,11.7,92,0.0,20.6,1
2024-02-07,21,Île-de-France,11.8,93,0.0,19.5,1
2024-02-07,22,Île-de-France,11.8,94,0.1,15.8,1
2024-02-07,23,Île-de-France,11.8,94,0.0,14.7,1
2024-02-08,0,Île-de-France,12.0,94,0.1,16.1,1
2024-02-08,1,Île-de-France,12.1,93,0.0,18.1,1
2024-02-08,2,Île-de-France,11.9,94,0.0,16.5,1
2024-02-08,3,Île-de-France,11.9,95,0.3,15.0,1
2024-02-08,4,Île-de-France,12.1,94,0.0,15.9,1
2024-02-08,5,Île-de-France,12.2,95,0.1,13.6,1
2024-02-08,6,Île-de-France,12.1,94,0.3,14.9,1
2024-02-08,7,Île-de-France,12.3,93,0.7,19.2,1
2024-02-08,8,Île-de-France,12.3,90,0.6,22.8,1
2024-02-08,9,Île-de-France,11.9,89,0.1,21.8,1
2024-02-08,10,Île-de-France,12.0,87,0.1,21.4,1
2024-02-08,11,Île-de-France,12.0,89,0.6,20.4,1
2024-02-08,12,Île-de-France,11.9,88,1.1,23.4,1
2024-02-08,13,Île-de-France,12.9,82,0.0,28.6,1
2024-02-08,14,Île-de-France,13.8,77,0.0,30.6,0
2024-02-08,15,Île-de-France,13.5,78,0.2,28.8,0
2024-02-08,16,Île-de-France,12.8,79,0.1,26.7,0
2024-02-08,17,Île-de-France,11.9,84,0.5,25.4,1
2024-02-08,18,Île-de-France,11.3,89,0.5,21.5,1
2024-02-08,19,Île-de-France,11.1,90,0.7,19.6,1
2024-02-08,20,Île-de-France,11.1,88,0.1,20.9,1
2024-02-08,21,Île-de-France,11.3,88,0.0,24.6,1
2024-02-08,22,Île-de-France,11.5,83,0.0,25.3,1
2024-02-08,23,Île-de-France,11.0,82,0.2,26.1,1
2024-02-09,0,Île-de-France,10.6,86,0.5,26.1,1
2024-02-09,1,Île-de-France,10.4,85,2.5,27.8,1
2024-02-09,2,Île-de-France,10.6,83,1.4,28.1,1
2024-02-09,3,Île-de-France,10.8,83,0.2,23.7,1
2024-02-09,4,Île-de-France,10.7,83,0.0,21.7,1
2024-02-09,5,Île-de-France,11.1,81,0.6,25.5,1
2024-02-09,6,Île-de-France,11.3,80,0.0,25.7,0
2024-02-09,7,Île-de-France,11.5,78,0.0,26.8,0
2024-02-09,8,Île-de-France,11.8,76,0.0,26.3,0
2024-02-09,9,Île-de-France,11.8,76,0.0,22.7,0
2024-02-09,10,Île-de-France,11.7,79,0.0,20.1,0
2024-02-09,11,Île-de-France,12.2,79,0.0,20.6,0
2024-02-09,12,Île-de-France,12.5,78,0.0,22.8,0
2024-02-09,13,Île-de-France,13.3,74,0.0,28.3,0
2024-02-09,14,Île-de-France,14.2,68,0.0,26.9,0
2024-02-09,15,Île-de-France,13.5,73,0.0,22.9,0
2024-02-09,16,Île-de-France,12.9,79,0.1,19.1,0
2024-02-09,17,Île-de-France,13.1,76,0.1,20.6,0
2024-02-09,18,Île-de-France,12.1,83,0.1,18.0,1
2024-02-09,19,Île-de-France,11.1,84,0.0,18.0,1
2024-02-09,20,Île-de-France,10.3,83,0.0,18.6,1
2024-02-09,21,Île-de-France,9.6,86,0.0,17.4,1
2024-02-09,22,Île-de-France,9.0,88,0.0,16.2,1
2024-02-09,23,Île-de-France,8.7,90,0.0,14.8,1
2024-02-10,0,Île-de-France,8.6,91,0.0,13.4,1
2024-02-10,1,Île-de-France,9.0,90,0.0,13.0,1
2024-02-10,2,Île-de-France,8.6,92,0.0,10.9,1
2024-02-10,3,Île-de-France,7.9,94,0.3,7.2,1
2024-02-10,4,Île-de-France,7.4,96,0.0,6.6,1
2024-02-10,5,Île-de-France,7.9,96,0.0,8.9,1
2024-02-10,6,Île-de-France,7.8,96,0.0,6.9,1
2024-02-10,7,Île-de-France,6.7,98,0.0,5.1,1
2024-02-10,8,Île-de-France,6.5,99,0.0,5.6,1
2024-02-10,9,Île-de-France,6.9,97,0.0,8.9,1
2024-02-10,10,Île-de-France,7.2,96,0.0,8.1,1
2024-02-10,11,Île-de-France,7.9,95,0.0,9.5,1
2024-02-10,12,Île-de-France,8.6,94,0.3,6.7,1
2024-02-10,13,Île-de-France,9.0,92,1.2,3.1,1
2024-02-10,14,Île-de-France,9.3,91,0.5,4.3,1
2024-02-10,15,Île-de-France,9.7,92,0.5,1.8,1
2024-02-10,16,Île-de-France,9.9,91,0.9,2.1,1
2024-02-10,17,Île-de-France,9.8,92,1.6,8.0,1
2024-02-10,18,Île-de-France,8.9,90,1.8,23.4,1
2024-02-10,19,Île-de-France,7.8,88,0.5,19.7,1
2024-02-10,20,Île-de-France,7.3,87,0.3,15.8,1
2024-02-10,21,Île-de-France,7.3,85,0.1,10.4,1
2024-02-10,22,Île-de-France,6.4,90,0.0,6.2,1
2024-02-10,23,Île-de-France,5.5,93,0.0,8.5,1
2024-02-11,0,Île-de-France,6.2,93,0.0,10.2,1
2024-02-11,1,Île-de-France,6.2,91,0.0,11.1,1
2024-02-11,2,Île-de-France,6.7,90,0.0,13.4,1
2024-02-11,3,Île-de-France,7.5,91,0.0,15.5,1
2024-02-11,4,Île-de-France,7.6,90,0.0,15.5,1
2024-02-11,5,Île-de-France,7.8,89,0.0,16.8,1
2024-02-11,6,Île-de-France,7.8,88,0.0,15.9,1
2024-02-11,7,Île-de-France,7.6,88,0.0,15.8,1
2024-02-11,8,Île-de-France,7.5,87,0.0,15.5,1
2024-02-11,9,Île-de-France,7.1,88,0.0,16.2,1
2024-02-11,10,Île-de-France,7.8,84,0.0,18.2,1
2024-02-11,11,Île-de-France,8.8,80,0.0,20.7,0
2024-02-11,12,Île-de-France,9.6,76,0.1,22.7,0
2024-02-11,13,Île-de-France,10.0,74,0.0,24.8,0
2024-02-11,14,Île-de-France,10.7,71,0.0,27.3,0
2024-02-11,15,Île-de-France,9.9,77,0.3,28.0,1
2024-02-11,16,Île-de-France,10.1,82,0.4,24.3,1
2024-02-11,17,Île-de-France,10.1,78,0.2,28.4,0
2024-02-11,18,Île-de-France,9.6,80,0.1,25.4,0
2024-02-11,19,Île-de-France,8.6,83,0.0,19.8,1
2024-02-11,20,Île-de-France,8.1,84,0.0,18.7,1
2024-02-11,21,Île-de-France,7.6,86,0.0,17.3,1
2024-02-11,22,Île-de-France,7.2,88,0.0,14.1,1
2024-02-11,23,Île-de-France,6.4,90,0.0,12.3,1
2024-02-12,0,Île-de-France,6.0,90,0.0,12.0,1
2024-02-12,1,Île-de-France,5.4,92,0.0,10.7,1
2024-02-12,2,Île-de-France,4.9,93,0.0,10.2,1
2024-02-12,3,Île-de-France,4.7,93,0.0,9.3,1
2024-02-12,4,Île-de-France,4.3,94,0.0,8.4,1
2024-02-12,5,Île-de-France,3.8,94,0.0,7.7,1
2024-02-12,6,Île-de-France,3.6,95,0.0,6.6,1
2024-02-12,7,Île-de-France,3.4,95,0.0,7.4,1
2024-02-12,8,Île-de-France,3.8,95,0.0,7.7,1
2024-02-12,9,Île-de-France,3.7,95,0.0,6.9,1
2024-02-12,10,Île-de-France,4.9,93,0.0,5.4,1
2024-02-12,11,Île-de-France,6.4,90,0.0,6.5,1
2024-02-12,12,Île-de-France,8.0,85,0.1,7.7,1
2024-02-12,13,Île-de-France,8.8,82,0.1,7.5,1
2024-02-12,14,Île-de-France,9.3,80,0.1,8.8,0
2024-02-12,15,Île-de-France,9.9,76,0.0,7.6,0
2024-02-12,16,Île-de-France,10.5,72,0.0,10.7,0
2024-02-12,17,Île-de-France,10.3,68,0.1,13.9,0
2024-02-12,18,Île-de-France,9.0,74,0.1,11.1,0
2024-02-12,19,Île-de-France,7.3,84,0.0,6.8,1
2024-02-12,20,Île-de-France,5.1,90,0.0,9.4,1
2024-02-12,21,Île-de-France,4.4,91,0.0,9.0,1
2024-02-12,22,Île-de-France,3.9,92,0.0,8.0,1
2024-02-12,23,Île-de-France,3.5,93,0.0,8.0,1
2024-02-13,0,Île-de-France,2.9,93,0.0,8.4,1
2024-02-13,1,Île-de-France,2.0,94,0.0,10.6,1
2024-02-13,2,Île-de-France,1.5,94,0.0,11.8,1
2024-02-13,3,Île-de-France,4.2,93,0.0,6.6,1
2024-02-13,4,Île-de-France,2.4,96,0.0,10.2,1
2024-02-13,5,Île-de-France,2.0,96,0.0,10.5,1
2024-02-13,6,Île-de-France,2.4,97,0.0,7.9,1
2024-02-13,7,Île-de-France,2.4,97,0.0,6.9,1
2024-02-13,8,Île-de-France,2.5,97,0.0,6.6,1
2024-02-13,9,Île-de-France,2.3,95,0.0,7.6,1
2024-02-13,10,Île-de-France,3.4,93,0.0,10.6,1
2024-02-13,11,Île-de-France,4.9,92,0.0,10.9,1
2024-02-13,12,Île-de-France,6.7,89,0.0,11.3,1
2024-02-13,13,Île-de-France,8.9,82,0.0,14.1,1
2024-02-13,14,Île-de-France,10.4,76,0.0,15.9,0
2024-02-13,15,Île-de-France,11.0,65,0.0,21.7,0
2024-02-13,16,Île-de-France,10.6,67,0.0,22.4,0
2024-02-13,17,Île-de-France,10.5,67,0.0,21.9,0
2024-02-13,18,Île-de-France,9.3,77,0.0,14.4,0
2024-02-13,19,Île-de-France,9.5,76,0.0,17.3,0
2024-02-13,20,Île-de-France,9.5,74,0.0,18.7,0
2024-02-13,21,Île-de-France,9.7,73,0.0,19.8,0
2024-02-13,22,Île-de-France,9.7,74,0.0,20.2,0
2024-02-13,23,Île-de-France,9.1,81,1.2,19.2,1
2024-02-14,0,Île-de-France,8.9,86,2.1,18.2,1
2024-02-14,1,Île-de-France,9.8,87,0.0,19.1,1
2024-02-14,2,Île-de-France,10.4,88,0.0,18.3,1
2024-02-14,3,Île-de-France,9.6,89,0.0,17.3,1
2024-02-14,4,Île-de-France,9.4,92,0.0,13.0,1
2024-02-14,5,Île-de-France,9.9,92,0.0,11.7,1
2024-02-14,6,Île-de-France,10.0,94,0.0,9.2,1
2024-02-14,7,Île-de-France,10.2,94,0.0,11.5,1
2024-02-14,8,Île-de-France,10.5,95,0.0,13.4,1
2024-02-14,9,Île-de-France,10.8,94,0.0,15.0,1
2024-02-14,10,Île-de-France,11.1,94,0.1,15.5,1
2024-02-14,11,Île-de-France,11.2,94,0.1,16.6,1
2024-02-14,12,Île-de-France,11.8,91,0.1,19.4,1
2024-02-14,13,Île-de-France,12.9,86,0.2,22.7,1
2024-02-14,14,Île-de-France,12.5,87,0.0,16.7,1
2024-02-14,15,Île-de-France,13.6,85,0.0,17.9,1
2024-02-14,16,Île-de-France,14.3,81,0.0,19.0,1
2024-02-14,17,Île-de-France,14.7,75,0.0,20.6,0
2024-02-14,18,Île-de-France,14.4,78,0.0,15.9,0
2024-02-14,19,Île-de-France,13.2,84,0.0,12.2,1
2024-02-14,20,Île-de-France,11.9,89,0.0,8.9,1
2024-02-14,21,Île-de-France,11.1,91,0.0,10.1,1
2024-02-14,22,Île-de-France,11.0,90,0.0,11.5,1
2024-02-14,23,Île-de-France,10.9,90,0.0,11.9,1
2024-02-15,0,Île-de-France,10.4,90,0.0,11.9,1
2024-02-15,1,Île-de-France,10.2,89,0.0,11.6,1
2024-02-15,2,Île-de-France,10.7,86,0.0,12.4,1
2024-02-15,3,Île-de-France,11.4,89,0.7,12.4,1
2024-02-15,4,Île-de-France,10.8,90,2.7,10.4,1
2024-02-15,5,Île-de-France,10.5,90,0.1,11.3,1
2024-02-15,6,Île-de-France,10.3,89,0.0,12.2,1
2024-02-15,7,Île-de-France,9.8,90,0.0,11.1,1
2024-02-15,8,Île-de-France,9.2,92,0.0,9.3,1
2024-02-15,9,Île-de-France,8.5,92,0.0,8.4,1
2024-02-15,10,Île-de-France,9.0,89,0.0,12.0,1
2024-02-15,11,Île-de-France,10.5,86,0.0,13.2,1
2024-02-15,12,Île-de-France,12.3,79,0.0,14.3,0
2024-02-15,13,Île-de-France,13.2,75,0.0,14.5,0
2024-02-15,14,Île-de-France,14.6,70,0.0,14.4,0
2024-02-15,15,Île-de-France,16.7,64,0.0,14.5,0
2024-02-15,16,Île-de-France,17.1,64,0.0,14.5,0
2024-02-15,17,Île-de-France,17.0,66,0.0,14.4,0
2024-02-15,18,Île-de-France,16.5,69,0.0,13.0,0
2024-02-15,19,Île-de-France,15.1,72,0.0,11.7,0
2024-02-15,20,Île-de-France,14.0,76,0.0,9.3,0
2024-02-15,21,Île-de-France,12.7,81,0.0,9.4,1
2024-02-15,22,Île-de-France,12.9,80,0.2,10.3,0
2024-02-15,23,Île-de-France,12.2,83,1.2,9.6,1
2024-02-16,0,Île-de-France,11.8,84,0.0,12.1,1
2024-02-16,1,Île-de-France,11.9,83,0.0,13.8,1
2024-02-16,2,Île-de-France,12.0,82,0.0,12.6,1
2024-02-16,3,Île-de-France,13.9,77,0.1,24.3,0
2024-02-16,4,Île-de-France,13.9,82,0.7,21.5,1
2024-02-16,5,Île-de-France,13.5,87,0.0,18.3,1
2024-02-16,6,Île-de-France,13.4,89,1.2,17.1,1
2024-02-16,7,Île-de-France,13.1,92,0.9,18.8,1
2024-02-16,8,Île-de-France,13.1,93,0.0,19.6,1
2024-02-16,9,Île-de-France,13.2,93,0.0,16.6,1
2024-02-16,10,Île-de-France,13.1,93,0.1,15.2,1
2024-02-16,11,Île-de-France,13.1,93,0.2,15.0,1
2024-02-16,12,Île-de-France,13.4,93,0.2,14.8,1
2024-02-16,13,Île-de-France,12.6,88,0.1,17.0,1
2024-02-16,14,Île-de-France,12.5,84,0.0,16.4,1
2024-02-16,15,Île-de-France,12.7,82,0.0,17.7,1
2024-02-16,16,Île-de-France,12.1,82,0.1,16.3,1
2024-02-16,17,Île-de-France,12.0,76,0.0,13.6,0
2024-02-16,18,Île-de-France,12.2,71,0.0,12.8,0
2024-02-16,19,Île-de-France,10.9,74,0.0,10.8,0
2024-02-16,20,Île-de-France,9.8,79,0.0,11.9,0
2024-02-16,21,Île-de-France,9.0,85,0.0,10.2,1
2024-02-16,22,Île-de-France,7.5,90,0.0,7.4,1
2024-02-16,23,Île-de-France,6.1,93,0.0,9.2,1
2024-02-17,0,Île-de-France,5.5,95,0.0,9.4,1
2024-02-17,1,Île-de-France,5.3,96,0.0,8.6,1
2024-02-17,2,Île-de-France,5.3,96,0.0,7.9,1
2024-02-17,3,Île-de-France,8.5,80,0.0,7.8,0
2024-02-17,4,Île-de-France,9.2,75,0.0,7.3,0
2024-02-17,5,Île-de-France,8.9,75,0.0,7.8,0
2024-02-17,6,Île-de-France,8.7,75,0.0,6.8,0
2024-02-17,7,Île-de-France,8.6,75,0.0,6.1,0
2024-02-17,8,Île-de-France,8.7,74,0.0,7.4,0
2024-02-17,9,Île-de-France,9.0,72,0.0,8.7,0
2024-02-17,10,Île-de-France,9.2,74,0.0,8.2,0
2024-02-17,11,Île-de-France,10.3,72,0.0,7.4,0
2024-02-17,12,Île-de-France,11.8,63,0.0,8.2,0
2024-02-17,13,Île-de-France,12.6,60,0.0,6.4,0
2024-02-17,14,Île-de-France,13.0,60,0.0,2.7,0
2024-02-17,15,Île-de-France,13.5,58,0.0,3.6,0
2024-02-17,16,Île-de-France,13.6,58,0.0,5.4,0
2024-02-17,17,Île-de-France,13.8,58,0.0,6.1,0
2024-02-17,18,Île-de-France,13.5,59,0.0,4.3,0
2024-02-17,19,Île-de-France,11.2,72,0.0,6.0,0
2024-02-17,20,Île-de-France,9.5,79,0.0,6.6,0
2024-02-17,21,Île-de-France,7.7,88,0.0,8.7,1
2024-02-17,22,Île-de-France,7.1,91,0.0,7.6,1
2024-02-17,23,Île-de-France,7.4,89,0.0,8.4,1
2024-02-18,0,Île-de-France,7.3,86,0.0,9.4,1
2024-02-18,1,Île-de-France,6.7,87,0.0,9.4,1
2024-02-18,2,Île-de-France,6.6,86,0.0,9.1,1
2024-02-18,3,Île-de-France,6.9,85,0.0,11.5,1
2024-02-18,4,Île-de-France,6.7,83,0.0,11.3,1
2024-02-18,5,Île-de-France,6.6,82,0.0,11.9,1
2024-02-18,6,Île-de-France,6.4,83,0.0,13.0,1
2024-02-18,7,Île-de-France,7.0,80,0.0,12.6,0
2024-02-18,8,Île-de-France,7.2,80,0.0,13.8,0
2024-02-18,9,Île-de-France,7.8,78,0.7,16.2,1
2024-02-18,10,Île-de-France,8.4,77,0.0,17.9,0
2024-02-18,11,Île-de-France,9.1,76,0.0,19.1,0
2024-02-18,12,Île-de-France,9.1,83,1.3,20.3,1
2024-02-18,13,Île-de-France,9.3,87,0.6,20.6,1
2024-02-18,14,Île-de-France,9.8,89,0.5,19.6,1
2024-02-18,15,Île-de-France,10.2,92,0.9,17.1,1
2024-02-18,16,Île-de-France,10.4,92,0.6,18.5,1
2024-02-18,17,Île-de-France,10.6,92,2.4,20.8,1
2024-02-18,18,Île-de-France,11.0,91,0.9,20.3,1
2024-02-18,19,Île-de-France,11.6,90,0.0,18.4,1
2024-02-18,20,Île-de-France,11.6,92,0.0,16.3,1
2024-02-18,21,Île-de-France,11.5,93,0.0,15.3,1
2024-02-18,22,Île-de-France,11.1,94,0.0,17.7,1
2024-02-18,23,Île-de-France,11.0,94,0.0,16.5,1
2024-02-19,0,Île-de-France,11.0,93,0.0,15.3,1
2024-02-19,1,Île-de-France,11.1,92,0.0,15.5,1
2024-02-19,2,Île-de-France,11.0,92,0.0,15.2,1
2024-02-19,3,Île-de-France,10.4,93,0.0,14.4,1
2024-02-19,4,Île-de-France,10.1,96,0.0,12.7,1
2024-02-19,5,Île-de-France,10.2,96,0.0,13.4,1
2024-02-19,6,Île-de-France,10.2,95,0.0,11.8,1
2024-02-19,7,Île-de-France,10.1,95,0.0,11.3,1
2024-02-19,8,Île-de-France,10.1,95,0.0,8.8,1
2024-02-19,9,Île-de-France,10.2,94,0.0,10.8,1
2024-02-19,10,Île-de-France,10.3,93,0.0,11.9,1
2024-02-19,11,Île-de-France,10.6,85,0.0,17.4,1
2024-02-19,12,Île-de-France,10.6,82,0.0,18.7,1
2024-02-19,13,Île-de-France,10.7,80,0.0,19.5,0
2024-02-19,14,Île-de-France,11.2,74,0.0,20.8,0
2024-02-19,15,Île-de-France,10.9,75,0.0,17.3,0
2024-02-19,16,Île-de-France,10.9,74,0.0,20.5,0
2024-02-19,17,Île-de-France,11.7,69,0.0,21.6,0
2024-02-19,18,Île-de-France,11.4,71,0.1,15.2,0
2024-02-19,19,Île-de-France,10.7,78,0.1,15.3,0
2024-02-19,20,Île-de-France,10.3,84,0.1,17.0,1
2024-02-19,21,Île-de-France,9.5,90,0.1,14.7,1
2024-02-19,22,Île-de-France,9.0,93,0.0,13.0,1
2024-02-19,23,Île-de-France,9.0,93,0.0,12.4,1
2024-02-20,0,Île-de-France,8.1,95,0.0,10.2,1
2024-02-20,1,Île-de-France,7.5,96,0.0,9.5,1
2024-02-20,2,Île-de-France,7.0,96,0.0,9.3,1
2024-02-20,3,Île-de-France,7.1,97,0.0,8.6,1
2024-02-20,4,Île-de-France,6.5,98,0.0,7.6,1
2024-02-20,5,Île-de-France,6.5,98,0.0,8.7,1
2024-02-20,6,Île-de-France,6.4,98,0.0,8.7,1
2024-02-20,7,Île-de-France,6.8,99,0.0,8.3,1
2024-02-20,8,Île-de-France,6.8,100,0.0,9.8,1
2024-02-20,9,Île-de-France,6.7,100,0.0,10.4,1
2024-02-20,10,Île-de-France,6.9,99,0.0,10.4,1
2024-02-20,11,Île-de-France,7.6,94,0.0,12.2,1
2024-02-20,12,Île-de-France,8.5,89,0.0,13.4,1
2024-02-20,13,Île-de-France,9.3,84,0.0,14.1,1
2024-02-20,14,Île-de-France,10.1,79,0.0,14.7,0
2024-02-20,15,Île-de-France,9.9,74,0.0,13.9,0
2024-02-20,16,Île-de-France,10.6,70,0.0,14.3,0
2024-02-20,17,Île-de-France,10.9,68,0.0,14.9,0
2024-02-20,18,Île-de-France,10.7,69,0.0,12.9,0
2024-02-20,19,Île-de-France,10.2,73,0.0,10.8,0
2024-02-20,20,Île-de-France,9.7,76,0.0,12.2,0
2024-02-20,21,Île-de-France,9.3,76,0.0,11.7,0
2024-02-20,22,Île-de-France,8.5,80,0.0,11.0,0
2024-02-20,23,Île-de-France,8.3,81,0.0,11.0,1
2024-02-21,0,Île-de-France,7.9,82,0.0,8.7,1
2024-02-21,1,Île-de-France,7.3,85,0.0,10.3,1
2024-02-21,2,Île-de-France,6.6,89,0.0,10.0,1
2024-02-21,3,Île-de-France,7.1,90,0.0,9.7,1
2024-02-21,4,Île-de-France,7.8,86,0.0,11.3,1
2024-02-21,5,Île-de-France,7.9,86,0.0,12.4,1
2024-02-21,6,Île-de-France,7.5,87,0.0,11.2,1
2024-02-21,7,Île-de-France,7.3,87,0.0,11.5,1
2024-02-21,8,Île-de-France,6.8,89,0.0,13.0,1
2024-02-21,9,Île-de-France,6.7,90,0.0,13.7,1
2024-02-21,10,Île-de-France,7.3,88,0.0,16.0,1
2024-02-21,11,Île-de-France,9.0,80,0.0,20.0,0
2024-02-21,12,Île-de-France,9.4,77,0.0,18.0,0
2024-02-21,13,Île-de-France,9.8,73,0.0,21.4,0
2024-02-21,14,Île-de-France,9.8,76,0.2,20.0,0
2024-02-21,15,Île-de-France,9.9,84,0.3,20.9,1
2024-02-21,16,Île-de-France,9.7,87,0.8,24.2,1
2024-02-21,17,Île-de-France,9.5,87,1.5,24.9,1
2024-02-21,18,Île-de-France,9.4,86,1.5,25.3,1
2024-02-21,19,Île-de-France,9.5,86,1.2,27.0,1
2024-02-21,20,Île-de-France,9.7,87,2.1,29.7,1
2024-02-21,21,Île-de-France,9.9,89,1.0,29.4,1
2024-02-21,22,Île-de-France,10.1,90,0.8,27.9,1
2024-02-21,23,Île-de-France,10.4,90,0.7,25.8,1
2024-02-22,0,Île-de-France,10.7,91,0.3,25.5,1
2024-02-22,1,Île-de-France,11.1,91,0.9,23.6,1
2024-02-22,2,Île-de-France,11.5,91,1.4,21.7,1
2024-02-22,3,Île-de-France,11.6,92,0.6,22.3,1
2024-02-22,4,Île-de-France,11.7,92,0.8,20.7,1
2024-02-22,5,Île-de-France,11.7,92,0.7,19.8,1
2024-02-22,6,Île-de-France,11.8,92,0.7,20.2,1
2024-02-22,7,Île-de-France,12.0,92,0.3,24.2,1
2024-02-22,8,Île-de-France,12.2,91,0.3,24.5,1
2024-02-22,9,Île-de-France,12.1,92,0.3,23.2,1
2024-02-22,10,Île-de-France,12.2,92,0.1,24.9,1
2024-02-22,11,Île-de-France,12.4,91,0.4,28.0,1
2024-02-22,12,Île-de-France,12.5,91,0.7,29.9,1
2024-02-22,13,Île-de-France,12.4,88,2.3,32.4,1
2024-02-22,14,Île-de-France,14.2,81,0.6,42.5,1
2024-02-22,15,Île-de-France,14.2,86,4.0,26.8,1
2024-02-22,16,Île-de-France,13.9,89,1.4,37.2,1
2024-02-22,17,Île-de-France,13.1,81,0.4,40.7,1
2024-02-22,18,Île-de-France,10.1,80,0.3,38.8,1
2024-02-22,19,Île-de-France,9.6,70,0.0,31.2,0
2024-02-22,20,Île-de-France,8.6,67,0.0,31.8,0
2024-02-22,21,Île-de-France,8.1,66,0.0,28.1,0
2024-02-22,22,Île-de-France,7.0,69,0.0,27.8,0
2024-02-22,23,Île-de-France,6.2,71,0.0,26.1,0
2024-02-23,0,Île-de-France,5.4,74,0.0,21.4,0
2024-02-23,1,Île-de-France,5.0,75,0.0,19.7,0
2024-02-23,2,Île-de-France,4.6,77,0.0,21.1,0
2024-02-23,3,Île-de-France,4.4,79,0.0,22.7,0
2024-02-23,4,Île-de-France,4.2,77,0.0,22.6,0
2024-02-23,5,Île-de-France,4.2,78,0.0,23.9,0
2024-02-23,6,Île-de-France,4.2,80,0.0,24.4,0
2024-02-23,7,Île-de-France,4.2,81,0.0,25.3,1
2024-02-23,8,Île-de-France,4.2,81,0.0,24.0,1
2024-02-23,9,Île-de-France,4.0,83,0.0,22.4,1
2024-02-23,10,Île-de-France,5.1,81,0.0,23.4,1
2024-02-23,11,Île-de-France,6.7,73,0.0,30.9,0
2024-02-23,12,Île-de-France,7.1,72,0.0,29.4,0
2024-02-23,13,Île-de-France,7.9,67,0.1,28.1,0
2024-02-23,14,Île-de-France,8.8,63,0.0,25.9,0
2024-02-23,15,Île-de-France,8.4,68,0.1,23.7,0
2024-02-23,16,Île-de-France,9.2,61,0.0,23.7,0
2024-02-23,17,Île-de-France,9.1,62,0.0,22.3,0
2024-02-23,18,Île-de-France,8.3,62,0.0,21.3,0
2024-02-23,19,Île-de-France,7.3,69,0.1,16.4,0
2024-02-23,20,Île-de-France,5.9,77,0.3,14.2,1
2024-02-23,21,Île-de-France,5.9,82,0.5,14.7,1
2024-02-23,22,Île-de-France,5.1,84,0.3,13.7,1
2024-02-23,23,Île-de-France,4.8,87,0.1,14.4,1
2024-02-24,0,Île-de-France,4.3,89,0.0,15.3,1
2024-02-24,1,Île-de-France,4.4,88,0.0,14.3,1
2024-02-24,2,Île-de-France,4.5,87,0.0,13.0,1
2024-02-24,3,Île-de-France,3.3,91,0.0,10.4,1
2024-02-24,4,Île-de-France,3.1,91,0.0,11.7,1
2024-02-24,5,Île-de-France,2.7,93,0.0,12.5,1
2024-02-24,6,Île-de-France,2.2,93,0.0,13.4,1
2024-02-24,7,Île-de-France,2.0,93,0.0,15.1,1
2024-02-24,8,Île-de-France,1.9,91,0.0,14.5,1
2024-02-24,9,Île-de-France,1.8,91,0.0,14.8,1
2024-02-24,10,Île-de-France,2.9,89,0.0,15.9,1
2024-02-24,11,Île-de-France,4.3,85,0.0,16.1,1
2024-02-24,12,Île-de-France,6.1,76,0.0,19.9,0
2024-02-24,13,Île-de-France,7.8,64,0.0,22.4,0
2024-02-24,14,Île-de-France,8.6,59,0.1,25.7,0
2024-02-24,15,Île-de-France,8.2,61,0.0,28.1,0
2024-02-24,16,Île-de-France,8.7,58,0.0,24.7,0
2024-02-24,17,Île-de-France,8.8,59,0.0,22.6,0
2024-02-24,18,Île-de-France,6.8,75,1.0,18.3,1
2024-02-24,19,Île-de-France,6.0,84,1.6,23.7,1
2024-02-24,20,Île-de-France,5.5,88,1.3,21.4,1
2024-02-24,21,Île-de-France,6.1,87,0.0,20.0,1
2024-02-24,22,Île-de-France,5.5,89,0.0,17.3,1
2024-02-24,23,Île-de-France,4.6,91,0.0,14.6,1
2024-02-25,0,Île-de-France,4.4,93,0.0,14.5,1
2024-02-25,1,Île-de-France,4.2,93,0.0,14.3,1
2024-02-25,2,Île-de-France,4.1,92,0.0,14.0,1
2024-02-25,3,Île-de-France,4.5,93,0.1,12.3,1
2024-02-25,4,Île-de-France,4.0,94,0.0,11.1,1
2024-02-25,5,Île-de-France,3.7,95,0.0,12.0,1
2024-02-25,6,Île-de-France,3.6,95,0.0,13.1,1
2024-02-25,7,Île-de-France,3.5,96,0.0,13.7,1
2024-02-25,8,Île-de-France,3.4,96,0.0,14.0,1
2024-02-25,9,Île-de-France,3.9,96,0.0,14.6,1
2024-02-25,10,Île-de-France,5.1,94,0.0,17.5,1
2024-02-25,11,Île-de-France,6.1,90,0.3,20.8,1
2024-02-25,12,Île-de-France,6.8,87,0.5,20.4,1
2024-02-25,13,Île-de-France,7.2,87,0.1,18.7,1
2024-02-25,14,Île-de-France,7.9,85,0.2,24.0,1
2024-02-25,15,Île-de-France,8.8,83,0.1,20.9,1
2024-02-25,16,Île-de-France,8.3,87,0.4,22.5,1
2024-02-25,17,Île-de-France,8.1,88,0.6,23.3,1
2024-02-25,18,Île-de-France,7.9,88,1.2,21.8,1
2024-02-25,19,Île-de-France,7.9,88,1.7,21.7,1
2024-02-25,20,Île-de-France,7.9,88,0.7,21.6,1
2024-02-25,21,Île-de-France,7.6,88,0.5,20.9,1
2024-02-25,22,Île-de-France,7.4,89,0.8,18.1,1
2024-02-25,23,Île-de-France,7.3,90,1.1,15.8,1
2024-02-26,0,Île-de-France,7.3,91,1.5,12.0,1
2024-02-26,1,Île-de-France,7.8,92,0.0,11.4,1
2024-02-26,2,Île-de-France,7.5,94,0.0,11.9,1
2024-02-26,3,Île-de-France,8.2,91,0.5,13.8,1
2024-02-26,4,Île-de-France,7.4,94,0.0,9.7,1
2024-02-26,5,Île-de-France,6.4,96,0.0,8.1,1
2024-02-26,6,Île-de-France,6.0,97,0.0,7.2,1
2024-02-26,7,Île-de-France,5.0,98,0.0,7.1,1
2024-02-26,8,Île-de-France,4.8,99,0.0,6.9,1
2024-02-26,9,Île-de-France,6.1,97,0.1,5.2,1
2024-02-26,10,Île-de-France,6.6,96,0.1,7.5,1
2024-02-26,11,Île-de-France,7.3,96,0.4,8.8,1
2024-02-26,12,Île-de-France,8.8,89,0.2,12.0,1
2024-02-26,13,Île-de-France,9.0,87,0.2,15.0,1
2024-02-26,14,Île-de-France,9.0,89,0.4,17.1,1
2024-02-26,15,Île-de-France,7.7,96,1.6,20.7,1
2024-02-26,16,Île-de-France,7.1,93,1.1,24.4,1
2024-02-26,17,Île-de-France,7.0,89,0.3,28.3,1
2024-02-26,18,Île-de-France,6.2,90,0.1,29.8,1
2024-02-26,19,Île-de-France,5.8,89,0.3,30.5,1
2024-02-26,20,Île-de-France,5.5,89,0.3,30.7,1
2024-02-26,21,Île-de-France,5.3,91,0.3,29.8,1
2024-02-26,22,Île-de-France,5.2,91,0.4,29.4,1
2024-02-26,23,Île-de-France,5.4,88,0.1,28.7,1
2024-02-27,0,Île-de-France,5.7,87,0.0,27.8,1
2024-02-27,1,Île-de-France,5.8,86,0.0,26.2,1
2024-02-27,2,Île-de-France,5.8,86,0.0,25.0,1
2024-02-27,3,Île-de-France,5.7,85,0.0,23.0,1
2024-02-27,4,Île-de-France,5.3,85,0.0,21.4,1
2024-02-27,5,Île-de-France,4.7,85,0.0,19.2,1
2024-02-27,6,Île-de-France,4.3,85,0.0,20.2,1
2024-02-27,7,Île-de-France,4.3,85,0.0,19.1,1
2024-02-27,8,Île-de-France,4.0,85,0.0,19.1,1
2024-02-27,9,Île-de-France,3.9,85,0.0,18.7,1
2024-02-27,10,Île-de-France,4.3,83,0.0,16.2,1
2024-02-27,11,Île-de-France,5.2,80,0.0,20.9,0
2024-02-27,12,Île-de-France,6.1,77,0.0,22.8,0
2024-02-27,13,Île-de-France,7.5,72,0.0,21.3,0
2024-02-27,14,Île-de-France,9.2,67,0.0,19.8,0
2024-02-27,15,Île-de-France,8.4,72,0.0,19.4,0
2024-02-27,16,Île-de-France,9.0,68,0.0,20.2,0
2024-02-27,17,Île-de-France,9.5,65,0.0,20.9,0
2024-02-27,18,Île-de-France,9.7,62,0.0,20.1,0
2024-02-27,19,Île-de-France,9.1,66,0.0,16.1,0
2024-02-27,20,Île-de-France,7.6,73,0.0,13.7,0
2024-02-27,21,Île-de-France,7.0,76,0.0,14.1,0
2024-02-27,22,Île-de-France,6.5,76,0.0,13.7,0
2024-02-27,23,Île-de-France,5.4,80,0.0,12.3,0
2024-02-28,0,Île-de-France,4.2,86,0.0,12.2,1
2024-02-28,1,Île-de-France,3.0,91,0.0,10.5,1
2024-02-28,2,Île-de-France,2.4,93,0.0,8.7,1
2024-02-28,3,Île-de-France,3.7,89,0.0,7.6,1
2024-02-28,4,Île-de-France,2.1,94,0.0,9.2,1
2024-02-28,5,Île-de-France,1.5,94,0.0,9.0,1
2024-02-28,6,Île-de-France,1.7,94,0.0,6.9,1
2024-02-28,7,Île-de-France,0.6,97,0.0,6.4,1
2024-02-28,8,Île-de-France,-0.2,97,0.0,7.2,1
2024-02-28,9,Île-de-France,-0.2,97,0.0,7.2,1
2024-02-28,10,Île-de-France,2.8,91,0.0,6.0,1
2024-02-28,11,Île-de-France,5.9,83,0.0,5.8,1
2024-02-28,12,Île-de-France,8.1,76,0.0,7.3,0
2024-02-28,13,Île-de-France,10.0,69,0.0,8.7,0
2024-02-28,14,Île-de-France,10.8,65,0.0,9.6,0
2024-02-28,15,Île-de-France,9.4,73,0.0,11.2,0
2024-02-28,16,Île-de-France,9.9,72,0.0,12.2,0
2024-02-28,17,Île-de-France,10.2,71,0.0,13.6,0
2024-02-28,18,Île-de-France,10.4,72,0.0,11.3,0
2024-02-28,19,Île-de-France,10.1,75,0.0,8.4,0
2024-02-28,20,Île-de-France,9.4,78,0.0,9.0,0
2024-02-28,21,Île-de-France,9.2,80,0.0,10.3,0
2024-02-28,22,Île-de-France,8.7,83,0.0,9.5,1
2024-02-28,23,Île-de-France,8.6,83,0.0,9.7,1
2024-02-29,0,Île-de-France,8.4,85,0.0,11.9,1
2024-02-29,1,Île-de-France,8.6,84,0.0,14.4,1
2024-02-29,2,Île-de-France,8.8,84,0.0,15.8,1
2024-02-29,3,Île-de-France,8.4,86,0.0,16.3,1
2024-02-29,4,Île-de-France,8.5,87,0.0,16.8,1
2024-02-29,5,Île-de-France,8.7,87,0.0,15.5,1
2024-02-29,6,Île-de-France,8.8,89,0.0,14.9,1
2024-02-29,7,Île-de-France,8.9,90,0.0,15.8,1
2024-02-29,8,Île-de-France,9.0,91,0.0,17.3,1
2024-02-29,9,Île-de-France,9.2,90,0.0,17.8,1
2024-02-29,10,Île-de-France,9.3,90,0.2,17.8,1
2024-02-29,11,Île-de-France,9.5,91,0.3,17.9,1
2024-02-29,12,Île-de-France,9.6,91,0.1,18.1,1
2024-02-29,13,Île-de-France,9.6,93,0.2,18.7,1
2024-02-29,14,Île-de-France,10.3,89,0.1,23.5,1
2024-02-29,15,Île-de-France,9.9,92,0.1,19.7,1
2024-02-29,16,Île-de-France,9.7,93,0.1,18.9,1
2024-02-29,17,Île-de-France,10.0,93,0.1,19.1,1
2024-02-29,18,Île-de-France,10.3,91,0.0,19.8,1
2024-02-29,19,Île-de-France,10.1,92,0.0,18.4,1
2024-02-29,20,Île-de-France,9.9,93,0.0,17.7,1
2024-02-29,21,Île-de-France,9.4,93,0.0,18.4,1
2024-02-29,22,Île-de-France,9.4,93,0.0,19.5,1
2024-02-29,23,Île-de-France,9.5,93,0.2,19.7,1
2024-03-01,0,Île-de-France,7.9,90,1.4,23.5,1
2024-03-01,1,Île-de-France,7.1,89,0.1,19.1,1
2024-03-01,2,Île-de-France,6.5,89,0.0,16.9,1
2024-03-01,3,Île-de-France,5.6,92,0.0,13.2,1
2024-03-01,4,Île-de-France,5.1,91,0.0,10.2,1
2024-03-01,5,Île-de-France,4.6,92,0.0,11.4,1
2024-03-01,6,Île-de-France,4.2,94,0.0,12.9,1
2024-03-01,7,Île-de-France,4.2,94,0.0,15.5,1
2024-03-01,8,Île-de-France,4.1,93,0.0,16.3,1
2024-03-01,9,Île-de-France,4.0,92,0.0,21.6,1
2024-03-01,10,Île-de-France,5.3,84,0.0,27.7,1
2024-03-01,11,Île-de-France,7.3,72,0.0,36.0,0
2024-03-01,12,Île-de-France,7.8,76,0.0,25.5,0
2024-03-01,13,Île-de-France,8.3,76,0.0,25.2,0
2024-03-01,14,Île-de-France,9.4,72,0.0,33.0,0
2024-03-01,15,Île-de-France,10.1,81,0.1,24.7,1
2024-03-01,16,Île-de-France,9.8,79,0.0,21.3,0
2024-03-01,17,Île-de-France,11.1,70,0.0,23.1,0
2024-03-01,18,Île-de-France,10.4,80,0.1,23.4,0
2024-03-01,19,Île-de-France,9.3,86,0.4,23.9,1
2024-03-01,20,Île-de-France,9.4,84,0.5,31.2,1
2024-03-01,21,Île-de-France,9.0,89,0.6,28.1,1
2024-03-01,22,Île-de-France,8.1,91,1.5,26.4,1
2024-03-01,23,Île-de-France,6.8,85,0.8,19.4,1
2024-03-02,0,Île-de-France,6.4,86,0.0,19.3,1
2024-03-02,1,Île-de-France,5.7,87,0.0,19.7,1
2024-03-02,2,Île-de-France,5.3,88,0.0,19.5,1
2024-03-02,3,Île-de-France,5.7,89,0.0,18.9,1
2024-03-02,4,Île-de-France,5.2,90,0.0,16.7,1
2024-03-02,5,Île-de-France,4.8,92,0.0,15.2,1
2024-03-02,6,Île-de-France,4.7,93,0.0,17.9,1
2024-03-02,7,Île-de-France,4.8,92,0.0,19.1,1
2024-03-02,8,Île-de-France,4.8,92,0.0,18.8,1
2024-03-02,9,Île-de-France,5.3,90,0.0,19.1,1
2024-03-02,10,Île-de-France,6.5,87,0.0,21.1,1
2024-03-02,11,Île-de-France,7.7,83,0.2,24.6,1
2024-03-02,12,Île-de-France,8.0,88,0.6,24.5,1
2024-03-02,13,Île-de-France,7.7,89,0.6,14.5,1
2024-03-02,14,Île-de-France,8.7,85,0.7,23.9,1
2024-03-02,15,Île-de-France,8.3,88,0.4,18.4,1
2024-03-02,16,Île-de-France,8.7,81,0.1,14.9,1
2024-03-02,17,Île-de-France,7.8,87,0.6,8.2,1
2024-03-02,18,Île-de-France,8.0,86,0.1,3.7,1
2024-03-02,19,Île-de-France,7.6,91,0.8,5.8,1
2024-03-02,20,Île-de-France,7.1,92,2.4,10.4,1
2024-03-02,21,Île-de-France,6.6,92,2.0,8.7,1
2024-03-02,22,Île-de-France,5.9,92,1.3,10.5,1
2024-03-02,23,Île-de-France,5.4,93,1.2,10.5,1
2024-03-03,0,Île-de-France,5.1,94,0.5,8.2,1
2024-03-03,1,Île-de-France,5.1,93,0.6,5.1,1
2024-03-03,2,Île-de-France,4.9,94,0.2,5.0,1
2024-03-03,3,Île-de-France,4.9,95,0.6,2.3,1
2024-03-03,4,Île-de-France,4.9,94,0.2,4.6,1
2024-03-03,5,Île-de-France,4.8,95,0.4,5.1,1
2024-03-03,6,Île-de-France,4.6,96,0.3,4.2,1
2024-03-03,7,Île-de-France,4.5,97,0.1,5.2,1
2024-03-03,8,Île-de-France,4.3,97,0.0,9.6,1
2024-03-03,9,Île-de-France,4.1,95,0.0,8.7,1
2024-03-03,10,Île-de-France,4.6,92,0.0,9.5,1
2024-03-03,11,Île-de-France,5.3,88,0.0,10.5,1
2024-03-03,12,Île-de-France,6.4,84,0.0,14.3,1
2024-03-03,13,Île-de-France,7.5,79,0.0,13.3,0
2024-03-03,14,Île-de-France,8.6,69,0.1,13.5,0
2024-03-03,15,Île-de-France,7.6,79,0.3,12.2,1
2024-03-03,16,Île-de-France,8.5,73,0.1,12.8,0
2024-03-03,17,Île-de-France,8.7,69,0.2,14.1,0
2024-03-03,18,Île-de-France,8.6,73,0.3,12.8,1
2024-03-03,19,Île-de-France,8.0,75,0.0,8.4,0
2024-03-03,20,Île-de-France,6.1,81,0.0,7.2,1
2024-03-03,21,Île-de-France,5.3,84,0.0,7.5,1
2024-03-03,22,Île-de-France,4.1,88,0.0,7.4,1
2024-03-03,23,Île-de-France,3.3,90,0.0,8.0,1
2024-03-04,0,Île-de-France,2.4,92,0.0,8.2,1
2024-03-04,1,Île-de-France,1.0,94,0.0,9.4,1
2024-03-04,2,Île-de-France,1.2,94,0.0,8.2,1
2024-03-04,3,Île-de-France,2.0,94,0.0,6.6,1
2024-03-04,4,Île-de-France,0.5,96,0.0,9.8,1
2024-03-04,5,Île-de-France,0.1,97,0.0,9.0,1
2024-03-04,6,Île-de-France,-0.3,97,0.0,9.0,1
2024-03-04,7,Île-de-France,-0.1,96,0.0,7.2,1
2024-03-04,8,Île-de-France,-0.7,95,0.0,9.9,1
2024-03-04,9,Île-de-France,0.4,94,0.0,4.0,1
2024-03-04,10,Île-de-France,2.7,91,0.0,5.4,1
2024-03-04,11,Île-de-France,5.6,84,0.0,6.0,1
2024-03-04,12,Île-de-France,8.3,73,0.0,8.9,0
2024-03-04,13,Île-de-France,9.6,61,0.0,11.4,0
2024-03-04,14,Île-de-France,10.4,58,0.0,12.1,0
2024-03-04,15,Île-de-France,11.0,55,0.0,11.9,0
2024-03-04,16,Île-de-France,11.2,54,0.0,12.1,0
2024-03-04,17,Île-de-France,11.2,52,0.0,12.6,0
2024-03-04,18,Île-de-France,10.8,52,0.0,12.6,0
2024-03-04,19,Île-de-France,9.1,63,0.0,7.9,0
2024-03-04,20,Île-de-France,6.7,72,0.0,8.2,0
2024-03-04,21,Île-de-France,6.3,73,0.0,8.5,0
2024-03-04,22,Île-de-France,6.8,72,0.2,8.6,0
2024-03-04,23,Île-de-France,6.7,78,0.3,9.0,1
2024-03-05,0,Île-de-France,6.8,83,0.5,12.6,1
2024-03-05,1,Île-de-France,6.7,85,0.2,13.1,1
2024-03-05,2,Île-de-France,6.8,84,0.0,15.3,1
2024-03-05,3,Île-de-France,6.3,88,0.2,14.4,1
2024-03-05,4,Île-de-France,6.3,90,0.0,14.1,1
2024-03-05,5,Île-de-France,6.1,92,0.0,12.6,1
2024-03-05,6,Île-de-France,5.9,94,0.0,10.8,1
2024-03-05,7,Île-de-France,6.0,94,0.2,12.0,1
2024-03-05,8,Île-de-France,6.0,92,0.0,12.3,1
2024-03-05,9,Île-de-France,6.2,91,0.0,13.4,1
2024-03-05,10,Île-de-France,6.6,89,0.0,15.0,1
2024-03-05,11,Île-de-France,6.9,86,0.0,16.6,1
2024-03-05,12,Île-de-France,7.7,76,0.0,18.7,0
2024-03-05,13,Île-de-France,8.6,69,0.2,18.4,0
2024-03-05,14,Île-de-France,9.4,65,0.1,17.7,0
2024-03-05,15,Île-de-France,9.2,72,0.2,14.7,0
2024-03-05,16,Île-de-France,8.7,73,1.2,16.4,1
2024-03-05,17,Île-de-France,9.2,68,0.0,13.0,0
2024-03-05,18,Île-de-France,9.2,67,0.1,8.6,0
2024-03-05,19,Île-de-France,7.2,78,1.1,13.0,1
2024-03-05,20,Île-de-France,5.7,89,2.4,4.7,1
2024-03-05,21,Île-de-France,5.0,93,0.1,4.8,1
2024-03-05,22,Île-de-France,5.2,91,0.0,9.2,1
2024-03-05,23,Île-de-France,4.5,93,1.0,7.6,1
2024-03-06,0,Île-de-France,4.8,94,0.2,7.8,1
2024-03-06,1,Île-de-France,5.4,95,0.6,6.4,1
2024-03-06,2,Île-de-France,5.4,95,0.2,6.2,1
2024-03-06,3,Île-de-France,5.8,93,0.9,6.6,1
2024-03-06,4,Île-de-France,5.3,95,0.2,4.4,1
2024-03-06,5,Île-de-France,4.7,98,0.0,3.8,1
2024-03-06,6,Île-de-France,5.2,97,0.0,4.4,1
2024-03-06,7,Île-de-France,4.9,98,0.0,7.6,1
2024-03-06,8,Île-de-France,4.8,98,0.0,7.9,1
2024-03-06,9,Île-de-France,4.8,97,0.0,6.6,1
2024-03-06,10,Île-de-France,5.1,95,0.0,5.2,1
2024-03-06,11,Île-de-France,5.7,93,0.0,2.9,1
2024-03-06,12,Île-de-France,6.9,81,0.1,4.2,1
2024-03-06,13,Île-de-France,7.4,77,0.0,4.4,0
2024-03-06,14,Île-de-France,8.4,71,0.1,4.3,0
2024-03-06,15,Île-de-France,9.0,72,0.0,2.9,0
2024-03-06,16,Île-de-France,9.3,69,0.1,4.7,0
2024-03-06,17,Île-de-France,9.5,66,0.1,5.5,0
2024-03-06,18,Île-de-France,9.4,66,0.0,6.2,0
2024-03-06,19,Île-de-France,8.6,72,0.0,4.7,0
2024-03-06,20,Île-de-France,5.9,85,0.0,6.9,1
2024-03-06,21,Île-de-France,5.1,90,0.0,7.9,1
2024-03-06,22,Île-de-France,4.1,93,0.0,7.0,1
2024-03-06,23,Île-de-France,3.5,95,0.0,7.0,1
2024-03-07,0,Île-de-France,2.4,96,0.0,8.8,1
2024-03-07,1,Île-de-France,1.5,97,0.0,10.5,1
2024-03-07,2,Île-de-France,1.2,98,0.0,9.4,1
2024-03-07,3,Île-de-France,1.6,98,0.0,7.6,1
2024-03-07,4,Île-de-France,1.3,98,0.0,7.3,1
2024-03-07,5,Île-de-France,0.9,97,0.0,7.7,1
2024-03-07,6,Île-de-France,1.1,97,0.0,7.6,1
2024-03-07,7,Île-de-France,1.3,95,0.0,8.0,1
2024-03-07,8,Île-de-France,1.1,94,0.0,8.0,1
2024-03-07,9,Île-de-France,1.8,93,0.0,7.9,1
2024-03-07,10,Île-de-France,4.1,87,0.0,8.7,1
2024-03-07,11,Île-de-France,6.6,80,0.0,7.9,0
2024-03-07,12,Île-de-France,8.9,76,0.0,10.4,0
2024-03-07,13,Île-de-France,10.9,69,0.0,15.2,0
2024-03-07,14,Île-de-France,12.2,61,0.0,19.1,0
2024-03-07,15,Île-de-France,12.8,66,0.0,18.9,0
2024-03-07,16,Île-de-France,12.8,61,0.0,18.9,0
2024-03-07,17,Île-de-France,12.9,58,0.0,20.1,0
2024-03-07,18,Île-de-France,12.4,58,0.0,17.2,0
2024-03-07,19,Île-de-France,11.3,63,0.0,12.3,0
2024-03-07,20,Île-de-France,9.0,71,0.0,10.6,0
2024-03-07,21,Île-de-France,8.7,71,0.0,16.2,0
2024-03-07,22,Île-de-France,7.4,76,0.0,15.3,0
2024-03-07,23,Île-de-France,6.8,74,0.0,15.9,0
2024-03-08,0,Île-de-France,6.1,76,0.0,16.2,0
2024-03-08,1,Île-de-France,5.3,77,0.0,14.4,0
2024-03-08,2,Île-de-France,4.5,79,0.0,13.0,0
2024-03-08,3,Île-de-France,4.3,83,0.0,13.3,1
2024-03-08,4,Île-de-France,3.9,86,0.0,13.0,1
2024-03-08,5,Île-de-France,3.6,88,0.0,11.2,1
2024-03-08,6,Île-de-France,3.0,89,0.0,11.3,1
2024-03-08,7,Île-de-France,2.6,90,0.0,9.1,1
2024-03-08,8,Île-de-France,2.3,90,0.0,11.3,1
2024-03-08,9,Île-de-France,2.7,87,0.0,12.3,1
2024-03-08,10,Île-de-France,4.7,81,0.0,11.5,1
2024-03-08,11,Île-de-France,7.1,75,0.0,13.8,0
2024-03-08,12,Île-de-France,9.4,71,0.0,16.5,0
2024-03-08,13,Île-de-France,11.2,66,0.0,18.3,0
2024-03-08,14,Île-de-France,13.1,56,0.0,20.6,0
2024-03-08,15,Île-de-France,13.6,58,0.0,16.6,0
2024-03-08,16,Île-de-France,13.5,57,0.0,15.4,0
2024-03-08,17,Île-de-France,13.3,57,0.0,17.1,0
2024-03-08,18,Île-de-France,13.3,58,0.0,14.8,0
2024-03-08,19,Île-de-France,12.5,61,0.0,10.6,0
2024-03-08,20,Île-de-France,11.6,61,0.0,16.4,0
2024-03-08,21,Île-de-France,11.4,59,0.0,23.7,0
2024-03-08,22,Île-de-France,10.8,60,0.0,25.5,0
2024-03-08,23,Île-de-France,10.1,61,0.0,24.7,0
2024-03-09,0,Île-de-France,9.6,62,0.0,24.7,0
2024-03-09,1,Île-de-France,9.0,68,0.0,20.1,0
2024-03-09,2,Île-de-France,7.8,74,0.0,12.7,0
2024-03-09,3,Île-de-France,6.9,79,0.0,11.5,0
2024-03-09,4,Île-de-France,6.5,78,0.0,13.6,0
2024-03-09,5,Île-de-France,6.3,78,0.0,13.6,0
2024-03-09,6,Île-de-France,6.2,77,0.0,14.1,0
2024-03-09,7,Île-de-France,5.7,80,0.0,14.4,0
2024-03-09,8,Île-de-France,5.7,80,0.0,14.8,0
2024-03-09,9,Île-de-France,6.3,79,0.0,14.1,0
2024-03-09,10,Île-de-France,8.1,75,0.0,15.1,0
2024-03-09,11,Île-de-France,10.1,67,0.0,18.3,0
2024-03-09,12,Île-de-France,11.4,65,0.0,21.3,0
2024-03-09,13,Île-de-France,12.9,61,0.0,25.4,0
2024-03-09,14,Île-de-France,13.1,59,0.0,27.4,0
2024-03-09,15,Île-de-France,13.9,52,0.0,23.2,0
2024-03-09,16,Île-de-France,11.6,71,0.3,16.6,1
2024-03-09,17,Île-de-France,12.1,71,0.1,15.5,0
2024-03-09,18,Île-de-France,10.9,75,0.3,15.1,1
2024-03-09,19,Île-de-France,10.2,85,0.2,12.8,1
2024-03-09,20,Île-de-France,9.6,89,0.5,14.8,1
2024-03-09,21,Île-de-France,9.2,91,1.2,14.0,1
2024-03-09,22,Île-de-France,9.0,92,1.0,16.7,1
2024-03-09,23,Île-de-France,8.5,89,0.5,14.3,1
2024-03-10,0,Île-de-France,8.3,90,0.3,16.4,1
2024-03-10,1,Île-de-France,8.1,90,0.3,13.8,1
2024-03-10,2,Île-de-France,7.8,91,0.3,10.5,1
2024-03-10,3,Île-de-France,7.3,91,0.1,11.2,1
2024-03-10,4,Île-de-France,7.0,92,0.0,8.2,1
2024-03-10,5,Île-de-France,6.4,94,0.0,6.6,1
2024-03-10,6,Île-de-France,6.5,94,0.0,5.3,1
2024-03-10,7,Île-de-France,6.5,95,0.0,4.3,1
2024-03-10,8,Île-de-France,6.5,95,0.0,5.0,1
2024-03-10,9,Île-de-France,6.2,96,0.0,6.6,1
2024-03-10,10,Île-de-France,6.9,93,0.0,5.4,1
2024-03-10,11,Île-de-France,7.6,91,0.0,3.9,1
2024-03-10,12,Île-de-France,8.2,90,0.1,1.6,1
2024-03-10,13,Île-de-France,8.2,88,0.1,3.1,1
2024-03-10,14,Île-de-France,9.0,87,0.3,4.3,1
2024-03-10,15,Île-de-France,8.8,87,0.3,6.8,1
2024-03-10,16,Île-de-France,10.1,78,0.5,7.2,1
2024-03-10,17,Île-de-France,10.5,73,0.1,8.1,0
2024-03-10,18,Île-de-France,10.4,74,0.1,7.8,0
2024-03-10,19,Île-de-France,9.7,80,0.1,3.9,0
2024-03-10,20,Île-de-France,9.1,80,0.0,5.2,0
2024-03-10,21,Île-de-France,8.5,83,0.0,4.6,1
2024-03-10,22,Île-de-France,6.4,92,0.1,8.2,1
2024-03-10,23,Île-de-France,6.0,93,0.0,6.9,1
2024-03-11,0,Île-de-France,4.6,95,0.0,9.1,1
2024-03-11,1,Île-de-France,3.7,96,0.0,10.4,1
2024-03-11,2,Île-de-France,3.9,95,0.0,7.8,1
2024-03-11,3,Île-de-France,5.9,88,0.1,8.7,1
2024-03-11,4,Île-de-France,4.9,94,0.0,7.6,1
2024-03-11,5,Île-de-France,4.3,96,0.0,6.8,1
2024-03-11,6,Île-de-France,4.2,97,0.0,6.2,1
2024-03-11,7,Île-de-France,3.6,98,0.0,6.8,1
2024-03-11,8,Île-de-France,3.5,97,0.0,8.1,1
2024-03-11,9,Île-de-France,4.1,95,0.0,9.0,1
2024-03-11,10,Île-de-France,5.8,90,0.0,9.2,1
2024-03-11,11,Île-de-France,7.7,85,0.0,9.0,1
2024-03-11,12,Île-de-France,9.6,75,0.0,11.9,0
2024-03-11,13,Île-de-France,11.2,68,0.0,16.8,0
2024-03-11,14,Île-de-France,12.1,59,0.1,18.8,0
2024-03-11,15,Île-de-France,11.1,76,0.5,17.3,1
2024-03-11,16,Île-de-France,11.6,64,0.0,20.7,0
2024-03-11,17,Île-de-France,10.8,71,0.1,21.8,0
2024-03-11,18,Île-de-France,9.9,78,0.2,19.6,0
2024-03-11,19,Île-de-France,9.0,87,0.5,14.8,1
2024-03-11,20,Île-de-France,8.5,89,0.4,13.8,1
2024-03-11,21,Île-de-France,8.3,90,0.1,12.8,1
2024-03-11,22,Île-de-France,8.2,88,0.0,14.1,1
2024-03-11,23,Île-de-France,8.0,88,0.0,15.2,1
2024-03-12,0,Île-de-France,7.7,89,0.0,14.8,1
2024-03-12,1,Île-de-France,7.2,91,0.0,13.0,1
2024-03-12,2,Île-de-France,6.7,92,0.0,12.7,1
2024-03-12,3,Île-de-France,7.7,89,0.0,10.5,1
2024-03-12,4,Île-de-France,7.2,91,0.0,9.9,1
2024-03-12,5,Île-de-France,7.4,91,0.0,11.3,1
2024-03-12,6,Île-de-France,7.9,90,0.1,11.1,1
2024-03-12,7,Île-de-France,7.8,90,0.0,12.4,1
2024-03-12,8,Île-de-France,7.4,90,0.0,12.3,1
2024-03-12,9,Île-de-France,7.0,91,0.0,12.1,1
2024-03-12,10,Île-de-France,8.1,86,0.0,12.9,1
2024-03-12,11,Île-de-France,8.2,90,0.4,12.6,1
2024-03-12,12,Île-de-France,8.2,91,0.6,14.0,1
2024-03-12,13,Île-de-France,8.3,91,1.1,16.1,1
2024-03-12,14,Île-de-France,8.9,91,1.6,15.6,1
2024-03-12,15,Île-de-France,9.3,92,1.0,16.9,1
2024-03-12,16,Île-de-France,10.2,91,0.3,17.1,1
2024-03-12,17,Île-de-France,11.0,90,0.4,16.3,1
2024-03-12,18,Île-de-France,11.2,88,0.1,17.4,1
2024-03-12,19,Île-de-France,11.5,87,0.0,16.0,1
2024-03-12,20,Île-de-France,11.1,89,0.0,14.8,1
2024-03-12,21,Île-de-France,10.9,90,0.0,15.8,1
2024-03-12,22,Île-de-France,10.2,91,0.0,14.8,1
2024-03-12,23,Île-de-France,10.6,90,0.0,14.2,1
2024-03-13,0,Île-de-France,10.9,89,0.0,13.0,1
2024-03-13,1,Île-de-France,11.0,89,0.0,12.5,1
2024-03-13,2,Île-de-France,10.5,91,0.0,10.6,1
2024-03-13,3,Île-de-France,10.3,94,0.0,8.9,1
2024-03-13,4,Île-de-France,10.7,93,0.0,12.9,1
2024-03-13,5,Île-de-France,10.5,91,0.0,13.5,1
2024-03-13,6,Île-de-France,10.3,91,0.0,11.4,1
2024-03-13,7,Île-de-France,10.1,89,0.0,10.7,1
2024-03-13,8,Île-de-France,9.9,86,0.0,9.4,1
2024-03-13,9,Île-de-France,10.1,86,0.0,10.0,1
2024-03-13,10,Île-de-France,10.8,88,0.0,10.3,1
2024-03-13,11,Île-de-France,12.1,81,0.0,12.3,1
2024-03-13,12,Île-de-France,13.0,73,0.0,13.8,0
2024-03-13,13,Île-de-France,13.6,69,0.0,13.8,0
2024-03-13,14,Île-de-France,14.4,67,0.0,13.6,0
2024-03-13,15,Île-de-France,14.4,66,0.0,15.8,0
2024-03-13,16,Île-de-France,14.3,68,0.0,16.6,0
2024-03-13,17,Île-de-France,14.0,70,0.0,15.3,0
2024-03-13,18,Île-de-France,13.9,69,0.0,13.6,0
2024-03-13,19,Île-de-France,13.3,73,0.0,8.3,0
2024-03-13,20,Île-de-France,10.7,85,0.0,7.2,1
2024-03-13,21,Île-de-France,9.8,89,0.0,6.6,1
2024-03-13,22,Île-de-France,9.0,91,0.0,7.1,1
2024-03-13,23,Île-de-France,8.9,92,0.0,7.3,1
2024-03-14,0,Île-de-France,7.9,93,0.0,7.3,1
2024-03-14,1,Île-de-France,7.6,93,0.0,7.2,1
2024-03-14,2,Île-de-France,6.5,95,0.0,8.0,1
2024-03-14,3,Île-de-France,5.5,98,0.0,9.1,1
2024-03-14,4,Île-de-France,4.9,99,0.0,9.0,1
2024-03-14,5,Île-de-France,4.6,99,0.0,8.4,1
2024-03-14,6,Île-de-France,5.4,97,0.0,7.6,1
2024-03-14,7,Île-de-France,5.9,96,0.0,7.9,1
2024-03-14,8,Île-de-France,5.4,97,0.0,7.6,1
2024-03-14,9,Île-de-France,6.1,95,0.0,9.8,1
2024-03-14,10,Île-de-France,8.1,88,0.0,10.2,1
2024-03-14,11,Île-de-France,10.5,83,0.0,12.2,1
2024-03-14,12,Île-de-France,13.1,76,0.0,14.0,0
2024-03-14,13,Île-de-France,14.8,72,0.0,14.8,0
2024-03-14,14,Île-de-France,16.2,68,0.0,14.0,0
2024-03-14,15,Île-de-France,16.9,66,0.0,14.0,0
2024-03-14,16,Île-de-France,17.2,65,0.0,14.7,0
2024-03-14,17,Île-de-France,17.6,60,0.0,15.5,0
2024-03-14,18,Île-de-France,16.9,64,0.0,14.0,0
2024-03-14,19,Île-de-France,15.9,69,0.0,11.8,0
2024-03-14,20,Île-de-France,13.7,76,0.0,10.7,0
2024-03-14,21,Île-de-France,12.7,77,0.0,12.4,0
2024-03-14,22,Île-de-France,12.5,81,0.0,14.2,1
2024-03-14,23,Île-de-France,12.0,85,0.0,13.9,1
2024-03-15,0,Île-de-France,12.0,86,0.0,15.0,1
2024-03-15,1,Île-de-France,11.7,87,0.0,15.6,1
2024-03-15,2,Île-de-France,11.5,87,1.0,15.1,1
2024-03-15,3,Île-de-France,12.5,86,0.0,19.1,1
2024-03-15,4,Île-de-France,12.6,86,0.0,19.3,1
2024-03-15,5,Île-de-France,12.3,87,0.0,18.1,1
2024-03-15,6,Île-de-France,12.4,87,0.0,17.6,1
2024-03-15,7,Île-de-France,11.5,91,0.0,16.3,1
2024-03-15,8,Île-de-France,12.0,90,0.0,17.3,1
2024-03-15,9,Île-de-France,11.9,89,0.0,18.1,1
2024-03-15,10,Île-de-France,12.4,86,0.1,18.6,1
2024-03-15,11,Île-de-France,13.6,79,0.0,26.5,0
2024-03-15,12,Île-de-France,14.5,76,0.0,24.9,0
2024-03-15,13,Île-de-France,14.2,79,2.3,26.7,1
2024-03-15,14,Île-de-France,14.4,74,2.3,28.9,1
2024-03-15,15,Île-de-France,14.5,75,1.1,24.9,1
2024-03-15,16,Île-de-France,15.6,74,0.2,22.5,0
2024-03-15,17,Île-de-France,16.1,67,0.1,21.6,0
2024-03-15,18,Île-de-France,14.0,75,1.4,23.1,1
2024-03-15,19,Île-de-France,13.9,74,0.0,17.4,0
2024-03-15,20,Île-de-France,13.3,74,0.0,20.0,0
2024-03-15,21,Île-de-France,12.3,80,0.0,18.1,0
2024-03-15,22,Île-de-France,11.9,82,0.4,17.7,1
2024-03-15,23,Île-de-France,11.2,87,0.6,19.4,1
2024-03-16,0,Île-de-France,11.1,89,0.2,18.1,1
2024-03-16,1,Île-de-France,11.1,86,0.1,20.2,1
2024-03-16,2,Île-de-France,10.7,85,0.0,21.0,1
2024-03-16,3,Île-de-France,10.8,85,0.0,20.2,1
2024-03-16,4,Île-de-France,10.4,86,0.0,19.2,1
2024-03-16,5,Île-de-France,10.6,85,0.0,17.8,1
2024-03-16,6,Île-de-France,10.5,85,0.0,16.8,1
2024-03-16,7,Île-de-France,10.5,84,0.0,16.0,1
2024-03-16,8,Île-de-France,10.4,83,0.0,17.3,1
2024-03-16,9,Île-de-France,10.1,83,0.0,17.7,1
2024-03-16,10,Île-de-France,10.3,80,0.0,17.2,0
2024-03-16,11,Île-de-France,11.1,73,0.0,16.7,0
2024-03-16,12,Île-de-France,12.1,66,0.0,17.1,0
2024-03-16,13,Île-de-France,12.8,62,0.0,15.8,0
2024-03-16,14,Île-de-France,13.5,57,0.0,12.2,0
2024-03-16,15,Île-de-France,14.4,54,0.0,12.0,0
2024-03-16,16,Île-de-France,14.5,53,0.0,10.8,0
2024-03-16,17,Île-de-France,14.7,53,0.0,10.0,0
2024-03-16,18,Île-de-France,14.6,53,0.0,9.4,0
2024-03-16,19,Île-de-France,13.9,63,0.0,4.6,0
2024-03-16,20,Île-de-France,12.8,69,0.0,5.4,0
2024-03-16,21,Île-de-France,12.2,77,0.0,4.3,0
2024-03-16,22,Île-de-France,11.4,79,0.0,5.8,0
2024-03-16,23,Île-de-France,9.3,90,0.0,8.0,1
2024-03-17,0,Île-de-France,10.0,88,0.0,8.0,1
2024-03-17,1,Île-de-France,9.2,92,0.0,7.5,1
2024-03-17,2,Île-de-France,8.6,93,0.0,8.0,1
2024-03-17,3,Île-de-France,9.0,94,0.0,8.0,1
2024-03-17,4,Île-de-France,9.1,94,0.0,7.8,1
2024-03-17,5,Île-de-France,9.6,93,0.5,9.8,1
2024-03-17,6,Île-de-France,9.8,93,0.9,10.7,1
2024-03-17,7,Île-de-France,9.8,93,0.7,12.1,1
2024-03-17,8,Île-de-France,9.7,94,0.3,12.0,1
2024-03-17,9,Île-de-France,10.0,94,0.2,12.8,1
2024-03-17,10,Île-de-France,10.3,94,0.4,14.5,1
2024-03-17,11,Île-de-France,10.8,94,0.8,13.0,1
2024-03-17,12,Île-de-France,11.3,93,0.5,14.6,1
2024-03-17,13,Île-de-France,12.0,93,0.1,12.8,1
2024-03-17,14,Île-de-France,13.1,90,0.0,14.6,1
2024-03-17,15,Île-de-France,13.0,88,0.3,15.5,1
2024-03-17,16,Île-de-France,15.1,78,0.1,14.8,0
2024-03-17,17,Île-de-France,15.1,78,0.1,11.3,0
2024-03-17,18,Île-de-France,14.7,82,0.0,8.6,1
2024-03-17,19,Île-de-France,14.4,87,0.0,3.1,1
2024-03-17,20,Île-de-France,13.2,87,0.0,4.3,1
2024-03-17,21,Île-de-France,10.7,94,0.0,6.6,1
2024-03-17,22,Île-de-France,9.6,98,0.0,8.4,1
2024-03-17,23,Île-de-France,9.4,99,0.1,9.0,1
2024-03-18,0,Île-de-France,9.7,97,1.1,8.9,1
2024-03-18,1,Île-de-France,10.6,96,2.0,7.4,1
2024-03-18,2,Île-de-France,11.2,93,1.2,5.8,1
2024-03-18,3,Île-de-France,11.5,93,0.4,5.2,1
2024-03-18,4,Île-de-France,10.9,96,0.4,6.6,1
2024-03-18,5,Île-de-France,10.9,95,1.0,4.9,1
2024-03-18,6,Île-de-France,10.7,95,0.4,11.0,1
2024-03-18,7,Île-de-France,10.6,96,0.0,11.0,1
2024-03-18,8,Île-de-France,9.6,97,0.0,6.4,1
2024-03-18,9,Île-de-France,10.1,96,0.0,8.5,1
2024-03-18,10,Île-de-France,11.6,92,0.0,7.9,1
2024-03-18,11,Île-de-France,13.0,83,0.0,11.2,1
2024-03-18,12,Île-de-France,14.0,76,0.1,10.2,0
2024-03-18,13,Île-de-France,14.8,68,0.0,10.1,0
2024-03-18,14,Île-de-France,15.7,62,0.1,10.8,0
2024-03-18,15,Île-de-France,15.9,62,0.0,11.2,0
2024-03-18,16,Île-de-France,16.1,60,0.0,12.6,0
2024-03-18,17,Île-de-France,16.3,59,0.0,12.2,0
2024-03-18,18,Île-de-France,15.6,65,0.0,10.1,0
2024-03-18,19,Île-de-France,15.1,70,0.0,6.6,0
2024-03-18,20,Île-de-France,13.1,81,0.0,7.2,1
2024-03-18,21,Île-de-France,13.5,76,0.0,4.6,0
2024-03-18,22,Île-de-France,12.5,81,0.0,2.8,1
2024-03-18,23,Île-de-France,11.7,85,0.0,3.1,1
2024-03-19,0,Île-de-France,10.8,89,0.0,4.5,1
2024-03-19,1,Île-de-France,9.7,93,0.0,2.1,1
2024-03-19,2,Île-de-France,8.6,96,0.0,3.0,1
2024-03-19,3,Île-de-France,9.3,93,0.0,2.1,1
2024-03-19,4,Île-de-France,8.2,97,0.0,5.4,1
2024-03-19,5,Île-de-France,7.3,98,0.0,6.2,1
2024-03-19,6,Île-de-France,7.3,96,0.0,6.7,1
2024-03-19,7,Île-de-France,6.7,94,0.0,7.7,1
2024-03-19,8,Île-de-France,6.1,95,0.0,6.9,1
2024-03-19,9,Île-de-France,7.7,91,0.0,9.0,1
2024-03-19,10,Île-de-France,9.3,86,0.0,5.8,1
2024-03-19,11,Île-de-France,11.5,79,0.0,5.0,0
2024-03-19,12,Île-de-France,13.3,70,0.0,5.5,0
2024-03-19,13,Île-de-France,14.7,62,0.0,5.9,0
2024-03-19,14,Île-de-France,16.1,57,0.0,8.8,0
2024-03-19,15,Île-de-France,16.9,53,0.0,7.7,0
2024-03-19,16,Île-de-France,17.4,51,0.0,10.0,0
2024-03-19,17,Île-de-France,17.2,54,0.0,9.8,0
2024-03-19,18,Île-de-France,16.8,54,0.0,6.0,0
2024-03-19,19,Île-de-France,16.1,67,0.0,2.4,0
2024-03-19,20,Île-de-France,15.7,59,0.0,3.4,0
2024-03-19,21,Île-de-France,14.0,66,0.0,1.6,0
2024-03-19,22,Île-de-France,12.5,73,0.0,1.9,0
2024-03-19,23,Île-de-France,9.3,88,0.0,8.0,1
2024-03-20,0,Île-de-France,8.8,91,0.0,7.7,1
2024-03-20,1,Île-de-France,7.6,94,0.0,10.1,1
2024-03-20,2,Île-de-France,7.4,93,0.0,8.7,1
2024-03-20,3,Île-de-France,7.4,94,0.0,6.1,1
2024-03-20,4,Île-de-France,6.7,96,0.0,3.6,1
2024-03-20,5,Île-de-France,6.0,98,0.0,5.4,1
2024-03-20,6,Île-de-France,5.9,98,0.0,6.2,1
2024-03-20,7,Île-de-France,6.9,94,0.0,6.0,1
2024-03-20,8,Île-de-France,7.0,94,0.0,5.3,1
2024-03-20,9,Île-de-France,7.4,92,0.0,7.4,1
2024-03-20,10,Île-de-France,9.6,87,0.0,6.0,1
2024-03-20,11,Île-de-France,12.0,82,0.0,5.9,1
2024-03-20,12,Île-de-France,14.5,77,0.0,6.8,0
2024-03-20,13,Île-de-France,16.5,72,0.0,6.8,0
2024-03-20,14,Île-de-France,17.9,64,0.0,6.1,0
2024-03-20,15,Île-de-France,18.8,56,0.0,3.2,0
2024-03-20,16,Île-de-France,19.1,54,0.0,4.0,0
2024-03-20,17,Île-de-France,19.0,54,0.0,4.3,0
2024-03-20,18,Île-de-France,18.6,56,0.0,3.9,0
2024-03-20,19,Île-de-France,17.7,76,0.0,3.2,0
2024-03-20,20,Île-de-France,16.4,66,0.0,4.7,0
2024-03-20,21,Île-de-France,14.4,75,0.0,5.2,0
2024-03-20,22,Île-de-France,12.9,81,0.0,6.8,1
2024-03-20,23,Île-de-France,11.3,88,0.0,8.9,1
2024-03-21,0,Île-de-France,11.1,89,0.0,6.7,1
2024-03-21,1,Île-de-France,10.0,90,0.0,8.2,1
2024-03-21,2,Île-de-France,9.8,90,0.0,7.1,1
2024-03-21,3,Île-de-France,10.0,92,0.0,7.7,1
2024-03-21,4,Île-de-France,9.7,91,0.0,9.2,1
2024-03-21,5,Île-de-France,8.3,94,0.0,8.0,1
2024-03-21,6,Île-de-France,7.8,94,0.0,7.7,1
2024-03-21,7,Île-de-France,7.3,94,0.0,7.2,1
2024-03-21,8,Île-de-France,6.8,95,0.0,7.4,1
2024-03-21,9,Île-de-France,7.9,92,0.0,8.9,1
2024-03-21,10,Île-de-France,9.8,86,0.0,6.1,1
2024-03-21,11,Île-de-France,11.8,80,0.0,4.2,0
2024-03-21,12,Île-de-France,13.6,75,0.0,4.1,0
2024-03-21,13,Île-de-France,15.3,71,0.0,2.3,0
2024-03-21,14,Île-de-France,16.5,67,0.0,0.8,0
2024-03-21,15,Île-de-France,17.4,60,0.0,1.5,0
2024-03-21,16,Île-de-France,17.8,57,0.0,4.3,0
2024-03-21,17,Île-de-France,18.0,55,0.0,4.1,0
2024-03-21,18,Île-de-France,17.7,56,0.0,4.4,0
2024-03-21,19,Île-de-France,16.9,66,0.0,1.4,0
2024-03-21,20,Île-de-France,13.9,74,0.0,7.0,0
2024-03-21,21,Île-de-France,11.9,82,0.0,8.2,1
2024-03-21,22,Île-de-France,11.0,87,0.0,7.5,1
2024-03-21,23,Île-de-France,10.9,89,0.0,7.9,1
2024-03-22,0,Île-de-France,9.4,93,0.0,8.5,1
2024-03-22,1,Île-de-France,8.4,96,0.0,6.8,1
2024-03-22,2,Île-de-France,7.3,99,0.0,6.6,1
2024-03-22,3,Île-de-France,8.3,97,0.0,6.6,1
2024-03-22,4,Île-de-France,7.6,98,0.0,7.2,1
2024-03-22,5,Île-de-France,7.1,99,0.0,6.9,1
2024-03-22,6,Île-de-France,7.1,100,0.0,6.0,1
2024-03-22,7,Île-de-France,7.3,100,0.0,5.6,1
2024-03-22,8,Île-de-France,7.3,98,0.0,6.8,1
2024-03-22,9,Île-de-France,7.4,98,0.0,7.2,1
2024-03-22,10,Île-de-France,8.0,99,0.0,5.7,1
2024-03-22,11,Île-de-France,9.1,97,0.0,7.3,1
2024-03-22,12,Île-de-France,11.1,87,0.0,9.5,1
2024-03-22,13,Île-de-France,13.3,76,0.0,13.0,0
2024-03-22,14,Île-de-France,15.8,64,0.0,15.8,0
2024-03-22,15,Île-de-France,15.8,68,0.0,9.7,0
2024-03-22,16,Île-de-France,16.7,62,0.0,17.5,0
2024-03-22,17,Île-de-France,17.2,56,0.0,16.2,0
2024-03-22,18,Île-de-France,17.2,53,0.0,16.6,0
2024-03-22,19,Île-de-France,15.7,62,0.0,12.9,0
2024-03-22,20,Île-de-France,12.8,71,0.0,13.0,0
2024-03-22,21,Île-de-France,11.3,77,0.0,9.8,0
2024-03-22,22,Île-de-France,11.1,81,0.0,15.5,1
2024-03-22,23,Île-de-France,10.8,85,0.2,16.6,1
2024-03-23,0,Île-de-France,9.6,90,0.8,17.8,1
2024-03-23,1,Île-de-France,8.9,87,0.3,19.5,1
2024-03-23,2,Île-de-France,8.2,88,0.0,21.6,1
2024-03-23,3,Île-de-France,7.4,87,0.0,17.8,1
2024-03-23,4,Île-de-France,7.1,87,0.0,18.3,1
2024-03-23,5,Île-de-France,6.4,87,0.0,17.9,1
2024-03-23,6,Île-de-France,5.8,85,0.0,18.1,1
2024-03-23,7,Île-de-France,5.3,84,0.0,18.0,1
2024-03-23,8,Île-de-France,4.9,85,0.0,18.0,1
2024-03-23,9,Île-de-France,5.8,83,0.0,19.5,1
2024-03-23,10,Île-de-France,7.1,76,0.0,20.6,0
2024-03-23,11,Île-de-France,8.2,71,0.0,23.1,0
2024-03-23,12,Île-de-France,9.3,65,0.1,23.2,0
2024-03-23,13,Île-de-France,10.2,59,0.1,25.3,0
2024-03-23,14,Île-de-France,10.7,54,0.1,27.9,0
2024-03-23,15,Île-de-France,9.4,68,0.5,21.9,1
2024-03-23,16,Île-de-France,10.6,56,0.0,26.9,0
2024-03-23,17,Île-de-France,9.0,61,1.9,25.2,1
2024-03-23,18,Île-de-France,8.6,67,0.2,15.6,0
2024-03-23,19,Île-de-France,6.6,84,1.8,19.5,1
2024-03-23,20,Île-de-France,6.0,85,0.2,21.7,1
2024-03-23,21,Île-de-France,5.8,85,0.1,19.6,1
2024-03-23,22,Île-de-France,5.6,88,0.0,19.8,1
2024-03-23,23,Île-de-France,5.0,88,0.0,16.9,1
2024-03-24,0,Île-de-France,4.8,89,0.0,17.0,1
2024-03-24,1,Île-de-France,4.9,89,0.0,16.9,1
2024-03-24,2,Île-de-France,4.8,88,0.0,16.0,1
2024-03-24,3,Île-de-France,4.1,90,0.0,15.3,1
2024-03-24,4,Île-de-France,3.9,89,0.0,16.4,1
2024-03-24,5,Île-de-France,3.8,89,0.0,16.7,1
2024-03-24,6,Île-de-France,3.7,89,0.0,17.1,1
2024-03-24,7,Île-de-France,3.6,89,0.0,17.2,1
2024-03-24,8,Île-de-France,3.7,89,0.0,17.7,1
2024-03-24,9,Île-de-France,4.9,85,0.0,20.5,1
2024-03-24,10,Île-de-France,7.0,76,0.0,21.4,0
2024-03-24,11,Île-de-France,8.4,69,0.0,28.7,0
2024-03-24,12,Île-de-France,8.8,69,0.1,26.1,0
2024-03-24,13,Île-de-France,10.3,65,0.0,25.3,0
2024-03-24,14,Île-de-France,11.1,62,0.1,24.6,0
2024-03-24,15,Île-de-France,11.2,51,0.2,27.1,0
2024-03-24,16,Île-de-France,11.5,49,0.2,27.0,0
2024-03-24,17,Île-de-France,11.1,52,0.0,24.7,0
2024-03-24,18,Île-de-France,10.8,55,0.0,22.4,0
2024-03-24,19,Île-de-France,10.0,60,0.0,18.2,0
2024-03-24,20,Île-de-France,8.4,65,0.0,13.6,0
2024-03-24,21,Île-de-France,6.6,73,0.0,8.7,0
2024-03-24,22,Île-de-France,4.9,82,0.0,7.6,1
2024-03-24,23,Île-de-France,3.8,87,0.0,8.0,1
2024-03-25,0,Île-de-France,3.3,90,0.0,7.5,1
2024-03-25,1,Île-de-France,2.8,91,0.0,7.9,1
2024-03-25,2,Île-de-France,2.0,93,0.0,8.7,1
2024-03-25,3,Île-de-France,2.4,91,0.0,6.5,1
2024-03-25,4,Île-de-France,1.4,95,0.0,6.2,1
2024-03-25,5,Île-de-France,1.0,96,0.0,8.5,1
2024-03-25,6,Île-de-France,1.5,95,0.0,6.9,1
2024-03-25,7,Île-de-France,1.7,94,0.0,6.8,1
2024-03-25,8,Île-de-France,2.3,93,0.0,7.1,1
2024-03-25,9,Île-de-France,4.0,88,0.0,11.2,1
2024-03-25,10,Île-de-France,6.5,81,0.0,12.0,1
2024-03-25,11,Île-de-France,9.3,74,0.0,15.9,0
2024-03-25,12,Île-de-France,10.7,63,0.0,21.1,0
2024-03-25,13,Île-de-France,11.4,58,0.0,20.7,0
2024-03-25,14,Île-de-France,11.8,54,0.0,19.9,0
2024-03-25,15,Île-de-France,12.9,53,0.0,19.5,0
2024-03-25,16,Île-de-France,12.9,50,0.0,21.6,0
2024-03-25,17,Île-de-France,12.8,51,0.0,21.9,0
2024-03-25,18,Île-de-France,12.3,53,0.0,19.3,0
2024-03-25,19,Île-de-France,11.7,57,0.0,16.6,0
2024-03-25,20,Île-de-France,10.7,58,0.0,15.3,0
2024-03-25,21,Île-de-France,10.1,58,0.0,14.2,0
2024-03-25,22,Île-de-France,9.6,59,0.0,13.1,0
2024-03-25,23,Île-de-France,8.6,63,0.0,10.7,0
2024-03-26,0,Île-de-France,7.7,68,0.0,8.9,0
2024-03-26,1,Île-de-France,7.4,71,0.0,8.5,0
2024-03-26,2,Île-de-France,7.1,73,0.0,8.2,0
2024-03-26,3,Île-de-France,7.0,76,0.1,7.0,0
2024-03-26,4,Île-de-France,7.7,77,0.1,7.1,0
2024-03-26,5,Île-de-France,7.9,82,0.0,7.9,1
2024-03-26,6,Île-de-France,8.2,88,0.1,8.0,1
2024-03-26,7,Île-de-France,8.7,90,0.0,9.4,1
2024-03-26,8,Île-de-France,8.9,90,0.0,9.1,1
2024-03-26,9,Île-de-France,9.1,91,0.1,10.8,1
2024-03-26,10,Île-de-France,9.7,88,0.2,11.8,1
2024-03-26,11,Île-de-France,9.4,91,0.4,11.2,1
2024-03-26,12,Île-de-France,9.7,91,0.6,9.5,1
2024-03-26,13,Île-de-France,11.8,79,0.0,13.9,0
2024-03-26,14,Île-de-France,12.5,75,0.0,17.6,0
2024-03-26,15,Île-de-France,11.6,81,0.1,17.1,1
2024-03-26,16,Île-de-France,12.1,81,0.2,15.5,1
2024-03-26,17,Île-de-France,12.0,81,0.3,19.8,1
2024-03-26,18,Île-de-France,11.2,89,1.2,16.9,1
2024-03-26,19,Île-de-France,10.9,90,1.4,11.1,1
2024-03-26,20,Île-de-France,10.6,91,0.8,13.0,1
2024-03-26,21,Île-de-France,10.2,92,1.5,14.0,1
2024-03-26,22,Île-de-France,8.1,89,0.1,23.2,1
2024-03-26,23,Île-de-France,6.1,90,0.0,21.3,1
2024-03-27,0,Île-de-France,5.5,88,0.0,15.2,1
2024-03-27,1,Île-de-France,4.7,90,0.0,9.7,1
2024-03-27,2,Île-de-France,5.1,90,0.0,8.6,1
2024-03-27,3,Île-de-France,5.4,91,0.1,7.6,1
2024-03-27,4,Île-de-France,5.7,92,0.0,11.3,1
2024-03-27,5,Île-de-France,5.8,93,0.1,10.8,1
2024-03-27,6,Île-de-France,5.9,93,0.0,11.5,1
2024-03-27,7,Île-de-France,5.9,94,0.0,11.2,1
2024-03-27,8,Île-de-France,5.8,94,0.0,12.2,1
2024-03-27,9,Île-de-France,6.5,90,0.0,15.8,1
2024-03-27,10,Île-de-France,7.4,82,0.1,20.8,1
2024-03-27,11,Île-de-France,8.1,76,0.1,23.0,0
2024-03-27,12,Île-de-France,8.6,71,0.1,25.8,0
2024-03-27,13,Île-de-France,9.7,62,0.1,26.1,0
2024-03-27,14,Île-de-France,11.0,53,0.0,26.3,0
2024-03-27,15,Île-de-France,12.6,50,0.0,25.1,0
2024-03-27,16,Île-de-France,12.6,49,0.0,28.6,0
2024-03-27,17,Île-de-France,11.4,56,0.0,22.8,0
2024-03-27,18,Île-de-France,11.5,61,0.1,27.0,0
2024-03-27,19,Île-de-France,9.9,74,0.5,25.3,1
2024-03-27,20,Île-de-France,9.1,76,0.0,23.8,0
2024-03-27,21,Île-de-France,8.5,78,0.0,21.4,0
2024-03-27,22,Île-de-France,8.2,79,0.0,20.8,0
2024-03-27,23,Île-de-France,7.7,80,0.0,19.2,0
2024-03-28,0,Île-de-France,7.5,78,0.0,18.9,0
2024-03-28,1,Île-de-France,7.5,75,0.0,19.5,0
2024-03-28,2,Île-de-France,7.9,72,0.0,19.9,0
2024-03-28,3,Île-de-France,7.8,81,1.1,24.7,1
2024-03-28,4,Île-de-France,7.7,83,0.8,26.3,1
2024-03-28,5,Île-de-France,7.4,87,0.5,25.3,1
2024-03-28,6,Île-de-France,7.3,88,0.2,22.9,1
2024-03-28,7,Île-de-France,6.4,85,0.0,20.0,1
2024-03-28,8,Île-de-France,5.4,87,0.0,16.2,1
2024-03-28,9,Île-de-France,6.3,84,0.0,22.6,1
2024-03-28,10,Île-de-France,7.4,77,0.0,30.8,0
2024-03-28,11,Île-de-France,9.0,65,0.0,36.1,0
2024-03-28,12,Île-de-France,10.0,59,0.0,39.0,0
2024-03-28,13,Île-de-France,10.5,58,0.0,32.9,0
2024-03-28,14,Île-de-France,12.0,50,0.0,35.6,0
2024-03-28,15,Île-de-France,11.1,58,0.1,38.4,0
2024-03-28,16,Île-de-France,11.5,54,0.0,38.4,0
2024-03-28,17,Île-de-France,11.6,57,0.0,33.3,0
2024-03-28,18,Île-de-France,11.8,54,0.0,39.3,0
2024-03-28,19,Île-de-France,10.9,61,0.0,32.1,0
2024-03-28,20,Île-de-France,10.1,63,0.0,28.8,0
2024-03-28,21,Île-de-France,10.0,61,0.0,28.2,0
2024-03-28,22,Île-de-France,9.6,61,0.0,24.0,0
2024-03-28,23,Île-de-France,9.4,61,0.0,20.3,0
2024-03-29,0,Île-de-France,9.5,60,0.0,19.0,0
2024-03-29,1,Île-de-France,9.4,60,0.0,14.1,0
2024-03-29,2,Île-de-France,8.4,69,0.5,8.4,1
2024-03-29,3,Île-de-France,8.6,89,1.1,9.1,1
2024-03-29,4,Île-de-France,8.6,90,0.5,6.9,1
2024-03-29,5,Île-de-France,8.6,90,0.2,8.2,1
2024-03-29,6,Île-de-France,8.7,90,0.1,9.2,1
2024-03-29,7,Île-de-France,8.4,91,0.0,11.8,1
2024-03-29,8,Île-de-France,8.9,89,0.2,14.1,1
2024-03-29,9,Île-de-France,9.4,89,0.0,16.1,1
2024-03-29,10,Île-de-France,10.1,89,0.0,16.9,1
2024-03-29,11,Île-de-France,11.8,80,0.1,23.0,0
2024-03-29,12,Île-de-France,12.3,74,0.0,22.9,0
2024-03-29,13,Île-de-France,12.7,69,0.0,21.5,0
2024-03-29,14,Île-de-France,13.1,65,0.0,19.2,0
2024-03-29,15,Île-de-France,13.6,64,0.1,20.3,0
2024-03-29,16,Île-de-France,13.6,60,0.0,17.4,0
2024-03-29,17,Île-de-France,13.1,65,0.0,16.7,0
2024-03-29,18,Île-de-France,12.5,68,0.0,17.3,0
2024-03-29,19,Île-de-France,11.2,78,0.3,16.9,1
2024-03-29,20,Île-de-France,10.3,86,0.9,16.7,1
2024-03-29,21,Île-de-France,9.8,86,1.1,16.4,1
2024-03-29,22,Île-de-France,9.2,84,0.2,13.0,1
2024-03-29,23,Île-de-France,9.0,86,0.6,10.8,1
2024-03-30,0,Île-de-France,8.7,89,0.1,10.5,1
2024-03-30,1,Île-de-France,8.4,90,0.5,12.6,1
2024-03-30,2,Île-de-France,8.1,90,1.5,9.7,1
2024-03-30,3,Île-de-France,7.6,91,2.3,8.0,1
2024-03-30,4,Île-de-France,7.2,89,1.4,10.0,1
2024-03-30,5,Île-de-France,7.1,89,1.4,6.0,1
2024-03-30,6,Île-de-France,7.0,90,0.8,5.2,1
2024-03-30,7,Île-de-France,6.9,91,0.2,4.3,1
2024-03-30,8,Île-de-France,6.9,91,0.6,6.8,1
2024-03-30,9,Île-de-France,7.1,91,1.1,4.2,1
2024-03-30,10,Île-de-France,7.7,88,0.8,7.0,1
2024-03-30,11,Île-de-France,8.0,87,0.3,14.5,1
2024-03-30,12,Île-de-France,8.6,85,0.1,10.9,1
2024-03-30,13,Île-de-France,10.2,78,0.0,10.2,0
2024-03-30,14,Île-de-France,11.6,68,0.0,3.2,0
2024-03-30,15,Île-de-France,11.4,70,0.1,9.1,0
2024-03-30,16,Île-de-France,11.7,67,0.0,11.0,0
2024-03-30,17,Île-de-France,12.2,65,0.0,11.6,0
2024-03-30,18,Île-de-France,12.2,64,0.0,9.9,0
2024-03-30,19,Île-de-France,11.6,64,0.0,12.4,0
2024-03-30,20,Île-de-France,10.8,70,0.0,10.5,0
2024-03-30,21,Île-de-France,8.8,79,0.0,8.9,0
2024-03-30,22,Île-de-France,7.4,86,0.0,9.0,1
2024-03-30,23,Île-de-France,7.0,85,0.0,9.3,1
2024-03-31,0,Île-de-France,6.3,87,0.0,7.9,1
2024-03-31,1,Île-de-France,6.0,89,0.0,8.6,1
2024-03-31,2,Île-de-France,6.1,89,0.0,8.8,1
2024-03-31,3,Île-de-France,7.3,87,0.0,11.7,1
2024-03-31,4,Île-de-France,7.3,89,0.0,9.7,1
2024-03-31,5,Île-de-France,6.1,95,0.0,7.4,1
2024-03-31,6,Île-de-France,5.7,96,0.0,8.7,1
2024-03-31,7,Île-de-France,6.0,94,0.0,7.9,1
2024-03-31,8,Île-de-France,6.7,92,0.0,9.7,1
2024-03-31,9,Île-de-France,8.5,86,0.0,12.5,1
2024-03-31,10,Île-de-France,10.4,80,0.0,12.3,0
2024-03-31,11,Île-de-France,12.7,72,0.0,15.9,0
2024-03-31,12,Île-de-France,14.1,70,0.0,19.9,0
2024-03-31,13,Île-de-France,13.0,77,2.9,24.2,1
2024-03-31,14,Île-de-France,13.4,76,0.2,19.1,0
2024-03-31,15,Île-de-France,12.5,81,0.8,15.3,1
2024-03-31,16,Île-de-France,12.8,76,0.1,15.2,0
2024-03-31,17,Île-de-France,13.0,74,0.1,17.7,0
2024-03-31,18,Île-de-France,13.3,70,0.0,19.7,0
2024-03-31,19,Île-de-France,12.6,73,0.1,16.7,0
2024-03-31,20,Île-de-France,11.3,78,0.1,8.7,0
2024-03-31,21,Île-de-France,9.3,86,0.0,8.7,1
2024-03-31,22,Île-de-France,9.0,86,0.0,10.4,1
2024-03-31,23,Île-de-France,8.7,86,0.0,10.4,1
